A0001,A.,C. BHAKTIVEDANTA SWAMI PRABHUPÁDA   ,1,2023-09-10
A0002,A.A.MILNE,Y E.H. SHEPARD    ,1,2023-09-10
A0003,ABBY,HANLON      ,1,2023-09-10
A0004,ABEL,QUEZADA      ,1,2023-09-10
A0005,ABELINO,VÁZQUEZ HERNÁNDEZ     ,1,2023-09-10
A0006,ABRIL,GAMBOA      ,1,2023-09-10
A0007,ACADEMIA,MEXICANA DE LA LENGUA   ,1,2023-09-10
A0008,ADALBERTO,NOYOLA (COORDINADOR)     ,1,2023-09-10
A0009,ADOLFO,CASTAÑÓN      ,1,2023-09-10
A0010,ADOLFO,CASTAÑÓN NELLY PALAFOX    ,1,2023-09-10
A0011,ADOLFO,HITLER      ,1,2023-09-10
A0012,ADRIÁN,CURIEL RIVERA     ,1,2023-09-10
A0013,ADRIAN,MENDIETA Y DAVID MARTÍN DEL CAMPO ,1,2023-09-10
A0014,ADRIÁN,RECINOS      ,1,2023-09-10
A0015,ADRIANA,ZAPETT      ,1,2023-09-10
A0016,AGARTHA,CHRISTIE      ,1,2023-09-10
A0017,AGELIKA,MECHTEL      ,1,2023-09-10
A0018,AGNES,GULDEMONT Y CARLL CNEUT   ,1,2023-09-10
A0019,AGUSTÍN,BASSAVE B.     ,1,2023-09-10
A0020,AGUSTIN,ESCOBAR LATAPÍ (COORDINADOR)    ,1,2023-09-10
A0021,AGUSTÍN,ESTRADA MONROY     ,1,2023-09-10
A0022,AGUSTÍN,LÓPEZ MUNGUIA CANALES    ,1,2023-09-10
A0023,AGUSTÍN,RIVERA      ,1,2023-09-10
A0024,AGUSTÍN,SÁNCHEZ GONZÁLEZ     ,1,2023-09-10
A0025,AGUSTÍN,YÁÑEZ      ,1,2023-09-10
A0026,AHURORA,LOYO BRAMBILA     ,1,2023-09-10
A0027,AKIKO,MIYAKOSHI      ,1,2023-09-10
A0028,AL,GORE      ,1,2023-09-10
A0029,ALAIN,BADIOU      ,1,2023-09-10
A0030,ALAIN,SERRES Y BRUNO HEITZ   ,1,2023-09-10
A0031,ALAIN,SERRES Y SILVIA BONANNI   ,1,2023-09-10
A0032,ALBERT,BOSCH      ,1,2023-09-10
A0033,ALBERTO,BASSO      ,1,2023-09-10
A0034,ALBERTO,BLANCO      ,1,2023-09-10
A0035,ALBERTO,CARRAMIÑANA- WILLIAM LEE (COORDINADOR)   ,1,2023-09-10
A0036,ALBERTO,CHIMAL      ,1,2023-09-10
A0037,ALBERTO,FORCADA Y JUAN CARLOS PALOMINO  ,1,2023-09-10
A0038,ALBERTO,GONZÁLEZ POZO     ,1,2023-09-10
A0039,ALBERTO,LEON - GARCIA    ,1,2023-09-10
A0040,ALBERTO,LOZOYA      ,1,2023-09-10
A0041,ALBERTO,PAREDES      ,1,2023-09-10
A0042,ALBERTO,PAREDES      ,1,2023-09-10
A0043,ALBERTO,RUIZ LHUILLIER     ,1,2023-09-10
A0044,ALBERTO,RUY SÁNCHEZ     ,1,2023-09-10
A0045,ALBERTO,VITAL      ,1,2023-09-10
A0046,ALDO,FERRER      ,1,2023-09-10
A0047,ALDO,FERRER Y MARCELO ROUGIER   ,1,2023-09-10
A0048,ALDO,PLOUGANOU      ,1,2023-09-10
A0049,ALEJANDRA,ALVARADO ZINK     ,1,2023-09-10
A0050,ALEJANDRÁ,RODRÍGUEZ ARANGO     ,1,2023-09-10
A0051,ALEJANDRO,BADILLO      ,1,2023-09-10
A0052,ALEJANDRO,GANGUI      ,1,2023-09-10
A0053,ALEJANDRO,JULIAN ANDRADE     ,1,2023-09-10
A0054,ALEJANDRO,MAGALLANES      ,1,2023-09-10
A0055,ALEJANDRO,NAVARRETE      ,1,2023-09-10
A0056,ALEJANDRO,REYES      ,1,2023-09-10
A0057,ALEJANDRO,ROSAS      ,1,2023-09-10
A0058,ALEJANDRO,SCHNARCH K.     ,1,2023-09-10
A0059,ALEJANDRO,SPIEGEL- SERGIO SAPOSNIC    ,1,2023-09-10
A0060,ALEJANDRO,TORRES      ,1,2023-09-10
A0061,ALEJANDRO,WEICHERS RIVERO     ,1,2023-09-10
A0062,ALEJANDRO,ZENKER      ,1,2023-09-10
A0063,ALESSANDRO,LECIS Y LINDA WOLFSGRUBER   ,1,2023-09-10
A0064,ALEXANDER,O. EXQUEMELIN     ,1,2023-09-10
A0065,ALEXANDR,IVÁNOVICH OPARIN     ,1,2023-09-10
A0066,ALFONSO,REYES      ,1,2023-09-10
A0067,ALFREDO,COTTIN      ,1,2023-09-10
A0068,ALFREDO,GÓMEZ CERDÁ     ,1,2023-09-10
A0069,ALFREDO,LÓPEZ AUSTIN. LUIS MILLONES   ,1,2023-09-10
A0070,ALFREDO,NATERAS      ,1,2023-09-10
A0071,ALI,CHUMACERO      ,1,2023-09-10
A0072,ALI,MITGUTSCH      ,1,2023-09-10
A0073,ALICIA,GIRÓN GONZÁLEZ     ,1,2023-09-10
A0074,ALICIA,HERNÁNDEZ DE GANTE    ,1,2023-09-10
A0075,ALICIA,LAVALLE      ,1,2023-09-10
A0076,ALICIA,MOLINA      ,1,2023-09-10
A0077,ALICIA,MOLINA ARGUDÍN     ,1,2023-09-10
A0078,ALICIA,MONTEMAYOR GARCÍA     ,1,2023-09-10
A0079,ALICIA,TECUNHUEY SANDOVAL     ,1,2023-09-10
A0080,ALONSO,DE ZORITA     ,1,2023-09-10
A0081,ALONSO,DE ZUAZO     ,1,2023-09-10
A0082,ALONSO,NÚÑEZ      ,1,2023-09-10
A0083,ALONSO,NÚÑEZ E IRINA BOTCHAROVA   ,1,2023-09-10
A0084,ALONSO,NÚÑEZ Y ANA PAULA ROSALES  ,1,2023-09-10
A0085,ALUMNOS,DE SOGE-PUEBLA     ,1,2023-09-10
A0086,ÁLVARO,URIBE      ,1,2023-09-10
A0087,AMADO,NERVO      ,1,2023-09-10
A0088,AMALÁ,SAINT-PIERRE (COMPILADORA)     ,1,2023-09-10
A0089,AMALIA,RAMÍREZ GARAYZAR     ,1,2023-09-10
A0090,AMANDA,O'NEILL      ,1,2023-09-10
A0091,AMELIA,DOMÍNGUEZ      ,1,2023-09-10
A0092,AMPARO,DÁVILA      ,1,2023-09-10
A0093,ANA,BAUCHIERO - MARIO BENEDETTI - JORGE ,1,2023-09-10
A0094,ANA,CRISTINA HERREROS Y VIOLETA LÓPIZ  ,1,2023-09-10
A0095,ANA,CZERWINSKA-RYDEL      ,1,2023-09-10
A0096,ANA,EDITH SÁNCHEZ SÁNCHEZ    ,1,2023-09-10
A0097,ANA,GARCÍA BERGUA     ,1,2023-09-10
A0098,ANA,LAURA ÁLVAREZ     ,1,2023-09-10
A0099,ANA,LUIS LÓPEZ VELASCO    ,1,2023-09-10
A0100,ANA,MARTOS      ,1,2023-09-10
A0101,ANA,ORTEGA      ,1,2023-09-10
A0102,ANA,PAULA OJEDA Y JUAN PALOMINO  ,1,2023-09-10
A0103,ANA,RITA VALERO DE GARCÍA LASCURÁIN  ,1,2023-09-10
A0104,ANA,ROMERO      ,1,2023-09-10
A0105,ANDRÉ,BRETON      ,1,2023-09-10
A0106,ANDREA,BETZ      ,1,2023-09-10
A0107,ANDREA,TOVAR      ,1,2023-09-10
A0108,ANDRÉE,E IVETTE SALOM SAFI   ,1,2023-09-10
A0109,ANDRÉS,ACOSTA      ,1,2023-09-10
A0110,ANDRÉS,DE LUNA     ,1,2023-09-10
A0111,ANDRÉS,HENESTROSA      ,1,2023-09-10
A0112,ANDRÉS,HERNESTROSA      ,1,2023-09-10
A0113,ANDRÉS,LIRA      ,1,2023-09-10
A0114,ANEE,BOYD      ,1,2023-09-10
A0115,ÁNGEL,JOSÉ FERNÁNDEZ     ,1,2023-09-10
A0116,ÁNGEL,RAFAEL NUNGARAY     ,1,2023-09-10
A0117,ÁNGELES,MASTRETTA GUZMÁN     ,1,2023-09-10
A0118,ANGÉLICA,ABELLEYRA      ,1,2023-09-10
A0119,ANGELINA,MUÑIZ-HUBERMAN      ,1,2023-09-10
A0120,ANITA,GANERI      ,1,2023-09-10
A0121,ANNA,CLAYBOURNE      ,1,2023-09-10
A0122,ANNA,NÍLSEN      ,1,2023-09-10
A0123,ANNUSKA,ANGULO      ,1,2023-09-10
A0124,ANOLDO,KRAUS Y ASUNCIÓN ÁLVAREZ   ,1,2023-09-10
A0125,ANÓNIMO,.,1,2023-09-10
A0126,ANTHON,BROWNE      ,1,2023-09-10
A0127,ANTJE,DAMM      ,1,2023-09-10
A0128,ANTOINE,DE SAINT-EXUPÉRY     ,1,2023-09-10
A0129,ANTOLÍN,MARTIÑON MARTINEZ     ,1,2023-09-10
A0130,ANTÓN,CHÉJOV      ,1,2023-09-10
A0131,ANTONIA,RODENAS      ,1,2023-09-10
A0132,ANTONIO,ALATORRE      ,1,2023-09-10
A0133,ANTONIO,CALERA GROBET     ,1,2023-09-10
A0134,ANTONIO,ESCOBAR OHMSTEDE     ,1,2023-09-10
A0135,ANTONIO,MALPICA      ,1,2023-09-10
A0136,ANTONIO,RUBIAL GARCÍA     ,1,2023-09-10
A0137,ANTONIO,S.- IGNACIO M.- SANCHEZ P. - ,1,2023-09-10
A0138,ANTONIO,SABORIT      ,1,2023-09-10
A0139,ANTONIO,SANTOS Y EDUARDO GALEANO   ,1,2023-09-10
A0140,ANTONIO,SKÁRMETA Y DIEGO MOLINA   ,1,2023-09-10
A0141,ANTONIO,VENTURA Y LINDA WOLFSGRUBER   ,1,2023-09-10
A0142,ARI,J. GONZÁLEZ     ,1,2023-09-10
A0143,ARMANDO,BAUTISTA GARCÍA     ,1,2023-09-10
A0144,ARMANDO,ROJAS TRUJILLO     ,1,2023-09-10
A0145,ARNOLDO,KRAUS      ,1,2023-09-10
A0146,ARNULFO,URIEL DE SATIAGO GÓMEZ   ,1,2023-09-10
A0147,ARTEMIO,DE VALLE-ARIZPE     ,1,2023-09-10
A0148,ARTEMIO,RODRÍGUEZ Y VALENTÍN PERALTA RAMÍREZ  ,1,2023-09-10
A0149,ARTURO,ALLENDE TÉLLEZ     ,1,2023-09-10
A0150,ARTURO,PASCUAL SOTO     ,1,2023-09-10
A0151,ARTURO,WARMAN      ,1,2023-09-10
A0152,AURELIO,TELLO- DALILA FRANCO Y ABEL MANÍ ,1,2023-09-10
A0153,AURORA,BERNÁRDEZ Y CARLES ÁLVAREZ GARRIGA  ,1,2023-09-10
A0154,AYUNTAMIENTO,DE PUEBLA     ,1,2023-09-10
A0155,BANCO,DE MÉXICO     ,1,2023-09-10
A0156,BÁRBARA,MANCILLA      ,1,2023-09-10
A0157,BEAT,EISELE Y REBECCA YORK HANLON  ,1,2023-09-10
A0158,BÉATRICE,RODRIGUEZ      ,1,2023-09-10
A0159,BEATRIZ,ESPEJO      ,1,2023-09-10
A0160,BEATRIZ,GARZA CUARÓN Y PAULETTE LEVY  ,1,2023-09-10
A0161,BEATRIZ,SCHMUKLER- CITLALI AYALA MARTÍNEZ Y GABRIELA ,1,2023-09-10
A0162,BECKY,RUBINSTEIN      ,1,2023-09-10
A0163,BELÉN,JARAÍZ E IGNACIO VAN AERSSEN  ,1,2023-09-10
A0164,BENEDICT,BLATHWAYT      ,1,2023-09-10
A0165,BENITO,JUAREZ      ,1,2023-09-10
A0166,BENITO,NACIF      ,1,2023-09-10
A0167,BENITO,PÉREZ GALDÓS     ,1,2023-09-10
A0168,BENJAMÍN,PRADO      ,1,2023-09-10
A0169,BENOIST,SIMMAT Y VICENT CAUT   ,1,2023-09-10
A0170,BERNADETTE,RENAUD      ,1,2023-09-10
A0171,BERNARDO,FERNÁNDEZ      ,1,2023-09-10
A0172,BERNARDO,FERNÁNDEZ Y PATRICIO BETTEO   ,1,2023-09-10
A0173,BERNARDO,KLIKSBERG (COMPILADOR)     ,1,2023-09-10
A0174,BERNARDO,OLMEDO Y JOSÉ LUIS SOLLEIRO  ,1,2023-09-10
A0175,BERTA,HIRIART      ,1,2023-09-10
A0176,BERTA,HIRIART Y ROSARIO VALDERRAMA   ,1,2023-09-10
A0177,BERTRAND,SANTINI Y LAURENT GAPAILLARD   ,1,2023-09-10
A0178,BÉRUL,Y THOMAS     ,1,2023-09-10
A0179,BIBLIOTECA,MEXICANA DEL CONOCIMIENTO    ,1,2023-09-10
A0180,BIMBA,LANDMANN      ,1,2023-09-10
A0181,BIOY,CASARES      ,1,2023-09-10
A0182,BIPAN,CHANDRA      ,1,2023-09-10
A0183,BO,YOUNG PARK     ,1,2023-09-10
A0184,BOB,RACZKA      ,1,2023-09-10
A0185,BOB,STAAKE      ,1,2023-09-10
A0186,BRENDA,BELLORÍN Y CARMEN MARTÍNEZ   ,1,2023-09-10
A0187,BRIAN,PUSSER      ,1,2023-09-10
A0188,BRUCE,E. MESERVE-MAX A. SOBEL   ,1,2023-09-10
A0189,BUAP,.,1,2023-09-10
A0190,C.S.,LEWIS      ,1,2023-09-10
A0191,CAMILO,CASTELO BRANCO     ,1,2023-09-10
A0192,CARL,BARTHOLOMAEUS HELLER     ,1,2023-09-10
A0193,CARLA,FAESLER Y ABRAHAM BALCÁZAR   ,1,2023-09-10
A0194,CARLO,FRABETTI      ,1,2023-09-10
A0195,CARLOS,CHIMAL      ,1,2023-09-10
A0196,CARLOS,FUENTES      ,1,2023-09-10
A0197,CARLOS,GOÑI      ,1,2023-09-10
A0198,CARLOS,HERREJÓN PEREDO (COORDINADOR)    ,1,2023-09-10
A0199,CARLOS,MARTÍNEZ ASSAD     ,1,2023-09-10
A0200,CARLOS,MONSIVÁIS      ,1,2023-09-10
A0201,CARLOS,MONTEMAYOR      ,1,2023-09-10
A0202,CARLOS,OCAMPO      ,1,2023-09-10
A0203,CARLOS,PASCUAL      ,1,2023-09-10
A0204,CARLOS,PELLICER      ,1,2023-09-10
A0205,CARLOS,RODRIGUEZ C. E IRMA RODRIGUEZ J. ,1,2023-09-10
A0206,CARLOS,SILVA      ,1,2023-09-10
A0207,CARLOS,SOLÓRZANO      ,1,2023-09-10
A0208,CARLOS,STRASSER      ,1,2023-09-10
A0209,CARLOS,VADILLO BUENFIL     ,1,2023-09-10
A0210,CARLOS,VIESCA TREVIÑO (COORDINADOR)    ,1,2023-09-10
A0211,CARLOS,VIESCA TREVIÑO(COORDINADOR)     ,1,2023-09-10
A0212,CARMEN,DE LA PEZA    ,1,2023-09-10
A0213,CARMEN,GIL      ,1,2023-09-10
A0214,CARMEN,LEÑERO Y MARCOS CASTRO   ,1,2023-09-10
A0215,CARMEN,SAUCEDO ZARCO     ,1,2023-09-10
A0216,CATALINA,KÜHNE PEIMBERT     ,1,2023-09-10
A0217,CATALINA,KÜHNE PEIMBERT Y JUAN GEDOVIUS  ,1,2023-09-10
A0218,CATALINA,NAUMIS PEÑA     ,1,2023-09-10
A0219,CECILIA,RABELL ROMERO     ,1,2023-09-10
A0220,CENTRO,DE ESTUDIOS HISTÓRICOS    ,1,2023-09-10
A0221,CENTRO,DE INVESTIGACIONES BIOLÓGICAS DEL NOROESTE  ,1,2023-09-10
A0222,CESAR,.,1,2023-09-10
A0223,CÉSAR,CARRILLO TRUEBA     ,1,2023-09-10
A0224,CÉSAR,DANIEL GONZÁLEZ     ,1,2023-09-10
A0225,CÉSAR,DANIEL GONZÁLEZ MADRUGA Y WITZIN ADRIANA ,1,2023-09-10
A0226,CÉSAR,G. MADRUGA (COMPILADOR)    ,1,2023-09-10
A0227,CÉSAR,LÓPEZ      ,1,2023-09-10
A0228,CÉSAR,TEJEDA      ,1,2023-09-10
A0229,CÉSAR,VALLEJO      ,1,2023-09-10
A0230,CHARLES,BAUDELAIRE      ,1,2023-09-10
A0231,CHARLES,DICKENS      ,1,2023-09-10
A0232,CHARLES,PERRAULT      ,1,2023-09-10
A0233,CHIARA,LOSSANI      ,1,2023-09-10
A0234,CHRISTIANE,CAZENAVE-TAPIE      ,1,2023-09-10
A0235,CHRISTINE,NAUMANN - VILLEMIN    ,1,2023-09-10
A0236,CHRISTINE,NÖSTLINGER      ,1,2023-09-10
A0237,CHRISTOPHER,DOMÍNGUEZ MICHAEL     ,1,2023-09-10
A0238,CIRO,ALEGRÍA      ,1,2023-09-10
A0239,CLAUDIA,BURR      ,1,2023-09-10
A0240,CLAUDIA,LILIANA PADRÓN MARTÍNEZ    ,1,2023-09-10
A0241,CLAUDIA,OVANDO      ,1,2023-09-10
A0242,CLAUDIO,GALLICO      ,1,2023-09-10
A0243,CLAUDIO,RODRÍGUEZ      ,1,2023-09-10
A0244,CLIVE,CUSSIER      ,1,2023-09-10
A0245,CNG,.,1,2023-09-10
A0246,COMISIÓN,NACIONAL DE CULTURA FÍSICA Y DEPORTE ,1,2023-09-10
A0247,COMISIÓN,NACIONAL DE DERECHOS HUMANOS   ,1,2023-09-10
A0248,CONACULTA,.,1,2023-09-10
A0249,CONACULTURA,.,1,2023-09-10
A0250,CONAFE,.,1,2023-09-10
A0251,CONAPO,.,1,2023-09-10
A0252,CONCHA,URQUIZA      ,1,2023-09-10
A0253,CONOCIMIENTO,Y SABER     ,1,2023-09-10
A0254,CONRADO,TOSTADO      ,1,2023-09-10
A0255,CORINA,ARMELIA DE FERNÁNDEZ CASTELLÓ   ,1,2023-09-10
A0256,CRISTIAN,CANTON FERRER Y RAQUEL TOVAR ABAD ,1,2023-09-10
A0257,CRISTINA,FLORES VELA     ,1,2023-09-10
A0258,CRISTINA,GUDIÑO KIEFFER     ,1,2023-09-10
A0259,CRISTINA,JÁUREGUI      ,1,2023-09-10
A0260,CRISTINA,JÁUREGUI Y ODETE RODRIGUEZ   ,1,2023-09-10
A0261,CRISTINA,PACHECHO      ,1,2023-09-10
A0262,CRISTINA,RASCÓN CASTRO     ,1,2023-09-10
A0263,CRISTINA,RIVERA GARZA     ,1,2023-09-10
A0264,CUAUHTÉMOC,ANDA GUTIÉRREZ     ,1,2023-09-10
A0265,CYRANO,DE BERGERAC     ,1,2023-09-10
A0266,D.,HERMÓGENES GIL MARTÍNEZ    ,1,2023-09-10
A0267,D.C.,CHURCH- W.G. POND- K.R POND  ,1,2023-09-10
A0268,DAFNE,CRUZ PORCHINI     ,1,2023-09-10
A0269,DAGMAR,GEISLER      ,1,2023-09-10
A0270,DANIEL,COHEN      ,1,2023-09-10
A0271,DANIEL,EMIL      ,1,2023-09-10
A0272,DANIEL,PENNAC      ,1,2023-09-10
A0273,DANIEL,PUIBOUBE      ,1,2023-09-10
A0274,DANIELA,VÁZQUEZ CORRAL     ,1,2023-09-10
A0275,DANTE,GOETHE      ,1,2023-09-10
A0276,DAPHNE,DU MAURIER     ,1,2023-09-10
A0277,DARÍO,JARAMILLO AGUDELO Y JUAN CAMILO MAYORGA ,1,2023-09-10
A0278,DARÍO,ROLDÁN (COMPILADOR)     ,1,2023-09-10
A0279,DAVID,ARBOLEDAS BRIHUEGA     ,1,2023-09-10
A0280,DAVID,LAROCHELLE      ,1,2023-09-10
A0281,DAVID,MACAULAY      ,1,2023-09-10
A0282,DAVID,MARTÍN DEL CAMPO    ,1,2023-09-10
A0283,DAVID,MIKLOS      ,1,2023-09-10
A0284,DAVID,NAHÓN VÁZQUEZ     ,1,2023-09-10
A0285,DAVID,OLGUÍN      ,1,2023-09-10
A0286,DEBORAH,BARRY      ,1,2023-09-10
A0287,DEBORAH,HODGE      ,1,2023-09-10
A0288,DÉBORAH,HOLIZ Y JUAN CARLOS MENA  ,1,2023-09-10
A0289,DELFINA,LÓPEZ SARRELANGUE     ,1,2023-09-10
A0290,DENIS,DE ROUGEMONT     ,1,2023-09-10
A0291,DENISE,FALLENA MONTAÑO- FERNANDA SALAZAR GIL  ,1,2023-09-10
A0292,DERLLY,GONZÁLEZ GONZÁLEZ- ERNESTO MÁRQUEZ NEREY  ,1,2023-09-10
A0293,DIANA,BRIUOLO DESTÉFANO     ,1,2023-09-10
A0294,DIANA,CHANQUÍA      ,1,2023-09-10
A0295,DIANA,CHORNE Y MARIO GOLDENBERG (COMPILADORES)  ,1,2023-09-10
A0296,DIANA,COHEN AGREST     ,1,2023-09-10
A0297,DIANA,TIZNADO PALMIERI     ,1,2023-09-10
A0298,DÍAZ,DE MITOTE- ALONSO NÚÑEZ   ,1,2023-09-10
A0299,DIEGO,BIANKI      ,1,2023-09-10
A0300,DIEGO,DE BASALENQUE     ,1,2023-09-10
A0301,DIONICIO,MORALES      ,1,2023-09-10
A0302,DIRECCIÓN,DE MUSEOS DE PUEBLA   ,1,2023-09-10
A0303,DIRECCION,GENERAL DE PLANEACIÓN Y DESARROLLO EN ,1,2023-09-10
A0304,DOLORES,ROLDÁN      ,1,2023-09-10
A0305,DOMINGO,CHIMALPÁHIN      ,1,2023-09-10
A0306,DOMINICK,LACAPRA      ,1,2023-09-10
A0307,DONALD,GRANT      ,1,2023-09-10
A0308,DOSTOIEVSKI,Y KORKOS Y MAIROWITZ   ,1,2023-09-10
A0309,DR.,AURELIO BALDOR     ,1,2023-09-10
A0310,DR.,ISRAEL LERMAN GARBER    ,1,2023-09-10
A0311,DR.,J. ARMANDO BERRIGUETE MELÈNDEZ   ,1,2023-09-10
A0312,DR.,JORGE OSEGUERA MOGUEL    ,1,2023-09-10
A0313,DR.,SIMÓN MOCHÓN COHÉN    ,1,2023-09-10
A0314,DR.J.,ARMANDO BARRIGUETE MÉLENDEZ    ,1,2023-09-10
A0315,DUANE,BARNHART      ,1,2023-09-10
A0316,E.,A. FITZ PATRICK    ,1,2023-09-10
A0317,E.REYNOSO,(COORDINADOR)      ,1,2023-09-10
A0318,ÉDGAR,ADRIÁN MORA     ,1,2023-09-10
A0319,EDGAR,ALLAN POE     ,1,2023-09-10
A0320,EDGAR,CEBALLOS      ,1,2023-09-10
A0321,EDGAR,ROMÁN      ,1,2023-09-10
A0322,EDGARDO,DOBRY      ,1,2023-09-10
A0323,EDILBERTO,ALDÁN (ANTOLOGADOR)     ,1,2023-09-10
A0324,EDITORES,DE CPI     ,1,2023-09-10
A0325,EDMÉE,PARDO      ,1,2023-09-10
A0326,EDMÉE,PARDO      ,1,2023-09-10
A0327,EDMUNDO,DE AMICIS     ,1,2023-09-10
A0328,EDMUNDO,O'GORMAN      ,1,2023-09-10
A0329,EDUARDO,ANTONIO PARRA     ,1,2023-09-10
A0330,EDUARDO,CONTRERAS SOTO     ,1,2023-09-10
A0331,EDUARDO,DEL RÍO     ,1,2023-09-10
A0332,EDUARDO,ESPINOZA CAMPOS     ,1,2023-09-10
A0333,EDUARDO,GALEANO      ,1,2023-09-10
A0334,EDUARDO,HUCHÍN SOSA     ,1,2023-09-10
A0335,EDUARDO,LANGAGNE      ,1,2023-09-10
A0336,EDUARDO,LIZALDE      ,1,2023-09-10
A0337,EDUARDO,MATOS MOCTEZUMA     ,1,2023-09-10
A0338,EDUARDO,TURRENT DÍAZ     ,1,2023-09-10
A0339,EDUARO,GUERRERO GUTIÉRREZ     ,1,2023-09-10
A0340,EFRAÍN,HUERTA      ,1,2023-09-10
A0341,EFRAÍN,HUERTA PARA NIÑOS    ,1,2023-09-10
A0342,EL,HEMATOCRÍTICO      ,1,2023-09-10
A0343,EL,LAROUSSE DEL BOLSILLO    ,1,2023-09-10
A0344,ELENA,CLIMENT/      ,1,2023-09-10
A0345,ELENA,DRESER      ,1,2023-09-10
A0346,ELENA,GARRO      ,1,2023-09-10
A0347,ELENA,ODRIOZOLA Y ALFONSINA STORNI   ,1,2023-09-10
A0348,ELFRIEDE,JELINEK Y MAMRIO BELLATIN   ,1,2023-09-10
A0349,ELI,DE GORTARI     ,1,2023-09-10
A0350,ELÍAS,JOSÉ PALTI     ,1,2023-09-10
A0351,ELÍAS,LUJÁN Y LUIS SAN VICENTE  ,1,2023-09-10
A0352,ELIGIO,ANCONA      ,1,2023-09-10
A0353,ELISA,RAMÍREZ CASTAÑEDA     ,1,2023-09-10
A0354,ÉLISABETH,BADINTER      ,1,2023-09-10
A0355,ELISEO,ALBERTO      ,1,2023-09-10
A0356,ELISEO,DIEGO      ,1,2023-09-10
A0357,ELIZABETH,JELIN      ,1,2023-09-10
A0358,ELMA,LAGERLÖF      ,1,2023-09-10
A0359,ÉLMER,MENDOZA      ,1,2023-09-10
A0360,ELSA,CROSS      ,1,2023-09-10
A0361,ELSA,MARGARITA RAMÍREZ LEYVA    ,1,2023-09-10
A0362,ELVA,MACÍAS      ,1,2023-09-10
A0363,ELVIRA,GARCÍA      ,1,2023-09-10
A0364,ÉMILE,CHABRAND      ,1,2023-09-10
A0365,EMILIA,ÁLVAREZ ICAZA LONGORIA    ,1,2023-09-10
A0366,EMILIA,PARDO BAZÁN     ,1,2023-09-10
A0367,EMILIO,ÁNGEL LOME Y FELIPE UGALDE  ,1,2023-09-10
A0368,EMILIO,CARBALLIDO      ,1,2023-09-10
A0369,EMILIO,RABASA      ,1,2023-09-10
A0370,EMMANUEL,CARBALLO      ,1,2023-09-10
A0371,ENRIQUE,AYALA ALONSO     ,1,2023-09-10
A0372,ENRIQUE,CABRERO MENDOZA (COORDINADOR)    ,1,2023-09-10
A0373,ENRIQUE,CÁRDENAS SÁNCHEZ     ,1,2023-09-10
A0374,ENRIQUE,FLORESCANO      ,1,2023-09-10
A0375,ENRIQUE,KRAUZE      ,1,2023-09-10
A0376,ENRIQUE,SERNA      ,1,2023-09-10
A0377,ENRIQUE,SERNA- ELISEO ALBERTO Y HÉCTOR DE ,1,2023-09-10
A0378,ENRIQUE,SIENKIEWIEZ      ,1,2023-09-10
A0379,ENRIQUEZ,HARPER      ,1,2023-09-10
A0380,EQUIPO,DIDÁCTICO OCÉANO     ,1,2023-09-10
A0381,ERACLIO,ZEPEDA      ,1,2023-09-10
A0382,ERÉDINA,MELÉNDEZ      ,1,2023-09-10
A0383,ÉRIC,PINTUS Y RÉMI SAILLARD   ,1,2023-09-10
A0384,ÉRIC,PUYBARET      ,1,2023-09-10
A0385,ERNEST,YASSINE BENDRISS     ,1,2023-09-10
A0386,ERNESTO,CARDENAL      ,1,2023-09-10
A0387,ERNESTO,COLAVITA      ,1,2023-09-10
A0388,ERNESTO,LACLAU      ,1,2023-09-10
A0389,ERNESTO,LACLAU Y CHANTAL MOUFFE   ,1,2023-09-10
A0390,ERNESTO,MOLINA      ,1,2023-09-10
A0391,ERNESTO,SABATO      ,1,2023-09-10
A0392,ESPERANZA,BALDERAS      ,1,2023-09-10
A0393,ESTELA,VÁZQUEZ      ,1,2023-09-10
A0394,ESTER,HERNÁNDEZ PALACIOS     ,1,2023-09-10
A0395,ESTHER,ACEVEDO      ,1,2023-09-10
A0396,ESTHER,COHEN      ,1,2023-09-10
A0397,ESTHER,HERNÁNDEZ PALACIOS     ,1,2023-09-10
A0398,ETGAR,KERET      ,1,2023-09-10
A0399,ETHEL,KRAUZE      ,1,2023-09-10
A0400,EUGÉNIE,GRANDET      ,1,2023-09-10
A0401,EUN-HEE,LEE      ,1,2023-09-10
A0402,EVA,JOLY      ,1,2023-09-10
A0403,EVODIO,ESCALANTE      ,1,2023-09-10
A0404,F.,VALDÉS (COORDINADORA)     ,1,2023-09-10
A0405,F.A.,MANN      ,1,2023-09-10
A0406,FABIÁN,MUÑOZ      ,1,2023-09-10
A0407,FABIOLA,GARCÍA RUBIO     ,1,2023-09-10
A0408,FABRICIO,VANDEN BROECK     ,1,2023-09-10
A0409,FAUSTO,HERNÁNDEZ TRILLO     ,1,2023-09-10
A0410,FEDERICO,ARANA      ,1,2023-09-10
A0411,FEDERICO,ENGELS      ,1,2023-09-10
A0412,FEDERICO,NAVARRETE      ,1,2023-09-10
A0413,FEDERICO,NAVARRETE LINARES     ,1,2023-09-10
A0414,FEDERICO,SILVA      ,1,2023-09-10
A0415,FELIPE,GARRIDO      ,1,2023-09-10
A0416,FELIPE,PARDINAS      ,1,2023-09-10
A0417,FELIX,F. PALANVICINI     ,1,2023-09-10
A0418,FÉLIX,LOPE DE VEGA    ,1,2023-09-10
A0419,FEPADE,.,1,2023-09-10
A0420,FERDINAND,P. BEER- E. RUSSELL JOHNSTON Y ,1,2023-09-10
A0421,FERNANDO,BENÍTEZ      ,1,2023-09-10
A0422,FERNANDO,DEL PASO     ,1,2023-09-10
A0423,FERNANDO,DÍEZ DE URDANIVA    ,1,2023-09-10
A0424,FERNANDO,DIEZ DE URDANIVIA    ,1,2023-09-10
A0425,FERNANDO,MONTESDEOCA      ,1,2023-09-10
A0426,FERNANDO,MUÑOZ CASTILLO     ,1,2023-09-10
A0427,FERNANDO,OCARANZA      ,1,2023-09-10
A0428,FERNANDO,PESSOA      ,1,2023-09-10
A0429,FERNANDO,SAVATER      ,1,2023-09-10
A0430,FERNANDO,VALVERDE      ,1,2023-09-10
A0431,FERNANDO,ZERTUCHE MUÑOZ     ,1,2023-09-10
A0432,FIDENCIO,GONZÁLEZ MONTES     ,1,2023-09-10
A0433,FIDENCIO,BRICEÑO CHEL     ,1,2023-09-10
A0434,FIÓDOR,MIJAÍLOVICH DOSTOYEVSKI     ,1,2023-09-10
A0435,FIONA,DEL MAR Y CLAUDIA DE TERESA ,1,2023-09-10
A0436,FIONA,MACDONALD      ,1,2023-09-10
A0437,FISCALÍA,GENERAL DEL ESTADO DE PUEBLA  ,1,2023-09-10
A0438,FLOR,AGUILERA Y LEONOR PÉREZ   ,1,2023-09-10
A0439,FLORENCE,GILLET-GOINARD Y BEMAR SENO   ,1,2023-09-10
A0440,FLORENCIA,ESSES Y JOSEFINA PREUMAYR   ,1,2023-09-10
A0441,FRACISCO,ÁLVAREZ HEREDIA- ENRIQUETA FAIZAL GEAGEA  ,1,2023-09-10
A0442,FRANCINE,VIDAL Y MARTINE BOURRE   ,1,2023-09-10
A0443,FRANCISCA,APARICIO PRUDENTE (COMPILADORA)    ,1,2023-09-10
A0444,FRANCISCO,CALVO SERRALLER Y LELIA DRIBEN  ,1,2023-09-10
A0445,FRANCISCO,CERVANTES DE SALAZAR    ,1,2023-09-10
A0446,FRANCISCO,CUEVAS CANCINO     ,1,2023-09-10
A0447,FRANCISCO,DE LA MAZA- HERNÁN CORTES  ,1,2023-09-10
A0448,FRANCISCO,GALLARDO SARMIENTO Y MIGUEL GALLARDO  ,1,2023-09-10
A0449,FRANCISCO,HERNÁNDEZ      ,1,2023-09-10
A0450,FRANCISCO,HINOJOSA      ,1,2023-09-10
A0451,FRANCISCO,JAVIER GALVÁN MERAZ    ,1,2023-09-10
A0452,FRANCISCO,L. URQUIZO     ,1,2023-09-10
A0453,FRANCISCO,MARTÍN MORENO     ,1,2023-09-10
A0454,FRANCISCO,MONTELLANO      ,1,2023-09-10
A0455,FRANCISCO,REBOLLEDO      ,1,2023-09-10
A0456,FRANCISCO,ROJAS GONZÁLEZ     ,1,2023-09-10
A0457,FRANCISCO,SERRANO      ,1,2023-09-10
A0458,FRANCISCO,TARIO      ,1,2023-09-10
A0459,FRANCOISE,BARBE-GALL      ,1,2023-09-10
A0460,FRANSCISCO,R.SAGASTI      ,1,2023-09-10
A0461,FRANZ,KAFKA      ,1,2023-09-10
A0462,FRAY,GERÓNIMO DE MENDIETA    ,1,2023-09-10
A0463,FRED,P.ELLISON      ,1,2023-09-10
A0464,FREDERICK,WILLIAM FRANZ     ,1,2023-09-10
A0465,FUNDACIÓN,MARY STREET JENKINS    ,1,2023-09-10
A0466,FUNDACIÓN,SM      ,1,2023-09-10
A0467,GABRIEL,FERRER MENDIOLEA     ,1,2023-09-10
A0468,GABRIEL,FERRY      ,1,2023-09-10
A0469,GABRIEL,GARCÍA MÁRQUEZ     ,1,2023-09-10
A0470,GABRIEL,MEJÍA      ,1,2023-09-10
A0471,GABRIEL,MÉNDEZ PLANCARTE     ,1,2023-09-10
A0472,GABRIEL,PACHECO      ,1,2023-09-10
A0473,GABRIELA,AGUILETA      ,1,2023-09-10
A0474,GABRIELA,BURIN      ,1,2023-09-10
A0475,GABRIELA,MISTRAL      ,1,2023-09-10
A0476,GABRIELA,OLMOS      ,1,2023-09-10
A0477,GABRIELA,QUINTANA AYALA     ,1,2023-09-10
A0478,GABRIELA,SANTANA      ,1,2023-09-10
A0479,GABRIELA,SOLÍS ROBLEDA     ,1,2023-09-10
A0480,GENARO,GARCÍA LUNA     ,1,2023-09-10
A0481,GEORGE,MCKAY      ,1,2023-09-10
A0482,GEORGE,ORWELL      ,1,2023-09-10
A0483,GERALD,DURELL      ,1,2023-09-10
A0484,GERARDO,L. DORANTES     ,1,2023-09-10
A0485,GERARDO,LINO      ,1,2023-09-10
A0486,GERARDO,RAMOS BRITO     ,1,2023-09-10
A0487,GERARDO,RD      ,1,2023-09-10
A0488,GERHART,SCHRÖDER Y HERGA BREUNINGER (COMPILADORES)  ,1,2023-09-10
A0489,GERHILD,ZWIMPFER      ,1,2023-09-10
A0490,GERMÁN,DEHESA Y CARLOS ELIZONDO MAYER-SERRA  ,1,2023-09-10
A0491,GERRY,BAILEY      ,1,2023-09-10
A0492,GIANNI,MINÀ      ,1,2023-09-10
A0493,GIANNI,RODARI      ,1,2023-09-10
A0494,GILBERTO,GUEVARA NIEBLA (COORDINADOR)    ,1,2023-09-10
A0495,GILBERTO,OWEN      ,1,2023-09-10
A0496,GILBERTO,RENDÓN ORTIZ     ,1,2023-09-10
A0497,GILDA,RINCÓN      ,1,2023-09-10
A0498,GINA,CONSTANTINE LLERGO     ,1,2023-09-10
A0499,GIORGIO,PESTELLI      ,1,2023-09-10
A0500,GIOVANNI,PAPINI Y LUIS SAN VICENTE  ,1,2023-09-10
A0501,GIUSEPPE,AMARA      ,1,2023-09-10
A0502,GLAFIRA,ROCHA      ,1,2023-09-10
A0503,GLORIA,& DR. VAM    ,1,2023-09-10
A0504,GLORIA,CALDERAS      ,1,2023-09-10
A0505,GLORIA,DE LA CRUZ    ,1,2023-09-10
A0506,GLORIA,DE LA CRUZ Y VÍCTOR DE ,1,2023-09-10
A0507,GLORIA,FALCÓN      ,1,2023-09-10
A0508,GLORIA,VALEK VALDÉS     ,1,2023-09-10
A0509,GOBIERNO,DE PUEBLA     ,1,2023-09-10
A0510,GOETHE,.,1,2023-09-10
A0511,GÓNZALEZ,BAMBILA      ,1,2023-09-10
A0512,GOYA,.,1,2023-09-10
A0513,GRACIELA,BENSUSÁN      ,1,2023-09-10
A0514,GREGORIO,MARTÍN DE GUIJO Y ANTONIO DE ,1,2023-09-10
A0515,GRUPO,AZABACHE(COORDINACIÓN)      ,1,2023-09-10
A0516,GRUPO,MAJUNGMUL      ,1,2023-09-10
A0517,GUADALUPE,ALEMÁN LASCURAIN     ,1,2023-09-10
A0518,GUADALUPE,OBÓN      ,1,2023-09-10
A0519,GUADALUPE,POSADA      ,1,2023-09-10
A0520,GUADALUPE,PRIETO SÁNCHEZ     ,1,2023-09-10
A0521,GUIAS,FHILIPS      ,1,2023-09-10
A0522,GUILLÉN,DE CASTRO     ,1,2023-09-10
A0523,GUILLERMO,DELOYA COBIÁN     ,1,2023-09-10
A0524,GUILLERMO,FOLADORI- NOELA INVERNIZZI- EDGAR ZÁYAGO LAU(COORNIDADORES) ,1,2023-09-10
A0525,GUILLERMO,M. CEJUDO     ,1,2023-09-10
A0526,GUILLERMO,MURRAY PRISANT Y ROCÍO MIJARES TAMÉS ,1,2023-09-10
A0527,GUILLERMO,PRIETO      ,1,2023-09-10
A0528,GUILLERMO,SAMPERIO      ,1,2023-09-10
A0529,GUILLERMO,SHERIDAN      ,1,2023-09-10
A0530,GUILLIAN,BUTLER/FREDA MCMANUS     ,1,2023-09-10
A0531,GULLERMO,DE LA PEÑA ( COORDINADOR)  ,1,2023-09-10
A0532,GULLERMO,RIVELIS      ,1,2023-09-10
A0533,GUSTAVE,FLAUBERT      ,1,2023-09-10
A0534,GUSTAVE,FRAUBERT      ,1,2023-09-10
A0535,GUSTAVO,DE LA TORRE    ,1,2023-09-10
A0536,GUSTI,.,1,2023-09-10
A0537,GUTIERRE,ACEVES PIÑA- ALFONSO ALFARO   ,1,2023-09-10
A0538,GUUS,KUIJER      ,1,2023-09-10
A0539,GUY,DAVENPORT      ,1,2023-09-10
A0540,GUY,DE MAIPASSANT     ,1,2023-09-10
A0541,H.,G. WELLS     ,1,2023-09-10
A0542,H.P.LOVECRAFT,.,1,2023-09-10
A0543,HANIA,CZAJKOWSKI      ,1,2023-09-10
A0544,HANS,LENZ      ,1,2023-09-10
A0545,HANS-THIES,LEHMANN      ,1,2023-09-10
A0546,HÉCTOR,A. MURENA     ,1,2023-09-10
A0547,HÉCTOR,AGUILAR CAMÍN     ,1,2023-09-10
A0548,HÉCTOR,BARROY SÁNCHEZ     ,1,2023-09-10
A0549,HÉCTOR,BOURGES R.     ,1,2023-09-10
A0550,HÉCTOR,BOURGEST R.     ,1,2023-09-10
A0551,HÉCTOR,FELICIANO      ,1,2023-09-10
A0552,HÉCTOR,FIX - ZAMUDIO    ,1,2023-09-10
A0553,HÉCTOR,FIX-ZAMUDIO Y EDUARDO FERRER M. (COORDINADORES) ,1,2023-09-10
A0554,HÉCTOR,ISLAS AZAÏS     ,1,2023-09-10
A0555,HÉCTOR,VERA      ,1,2023-09-10
A0556,HEIKO,GEBHARDT      ,1,2023-09-10
A0557,HEINZ,DIETERICH      ,1,2023-09-10
A0558,HEINZ,JANISCH Y SILKE LEFFLER   ,1,2023-09-10
A0559,HELGA,BANSCH      ,1,2023-09-10
A0560,HENRÉ,TULLET      ,1,2023-09-10
A0561,HENRY,JAMES      ,1,2023-09-10
A0562,HENRY,RIDER HAGGARD     ,1,2023-09-10
A0563,HERIBERTO,FRÍAS      ,1,2023-09-10
A0564,HERIBERTO,YÉPEZ      ,1,2023-09-10
A0565,HERMANN,HESSE      ,1,2023-09-10
A0566,HERMANOS,GRIMM      ,1,2023-09-10
A0567,HERNÁN,BRAVO VARELA     ,1,2023-09-10
A0568,HERNÁN,CORTÉS      ,1,2023-09-10
A0569,HILDA,ISLAS      ,1,2023-09-10
A0570,HIPÓLITO,VILLAROEL      ,1,2023-09-10
A0571,HONORÉ,DE BALZAC     ,1,2023-09-10
A0572,HORACIO,CLEMENTE      ,1,2023-09-10
A0573,HORACIO,FERREYRA- GRISELDA GALLO Y ARIEL ZECCHINI ,1,2023-09-10
A0574,HORACIO,GARCÍA      ,1,2023-09-10
A0575,HORACIO,QUIROGA      ,1,2023-09-10
A0576,HUGO,SALCEDO      ,1,2023-09-10
A0577,HUGO,VARGAS      ,1,2023-09-10
A0578,HUMBERTO,BATIS      ,1,2023-09-10
A0579,HUMBERTO,BROCCA      ,1,2023-09-10
A0580,HUMBERTO,MUSACCHIO      ,1,2023-09-10
A0581,IAN,CROFTON      ,1,2023-09-10
A0582,IDA,RODRÍGUEZ PRAMPOLINI     ,1,2023-09-10
A0583,IDALIA,SAUTTO      ,1,2023-09-10
A0584,IGNACIO,MANUEL ALTAMIRANO     ,1,2023-09-10
A0585,IGNACIO,PADILLA      ,1,2023-09-10
A0586,IGNACIO,RODRÍGUEZ GALVÁN     ,1,2023-09-10
A0587,IGNACIO,SOLARES      ,1,2023-09-10
A0588,IGNACIO,TREJO FUENTES     ,1,2023-09-10
A0589,IGNACIO,VAN AERSSEN Y BELÉN JARAÍZ  ,1,2023-09-10
A0590,IGNAZ,PFEFFERKORN      ,1,2023-09-10
A0591,ILÁN,RABCHINSKEY- REGINA TATTERSFIELD    ,1,2023-09-10
A0592,IMSS,.,1,2023-09-10
A0593,INÉS,MORENO      ,1,2023-09-10
A0594,INÉS,RECAMIER      ,1,2023-09-10
A0595,INSTITUTO,TLAXCALTECO DE LA CULTURA   ,1,2023-09-10
A0596,IRIS,VAN DER HEIDE Y MARIJE TOLMAN ,1,2023-09-10
A0597,ISIDRO,UBALDO GUTIÉRREZ LÓPEZ    ,1,2023-09-10
A0598,ISRAEL,KATZMAN      ,1,2023-09-10
A0599,ISSAC,ASIMOV      ,1,2023-09-10
A0600,ISSAC,BASHEVIS SINGER     ,1,2023-09-10
A0601,ISSSTEP,.,1,2023-09-10
A0602,ISTVÁN,ÖRKÉNV      ,1,2023-09-10
A0603,IVÁN,JIMÉNEZ CASTILLO     ,1,2023-09-10
A0604,IVAN,S. TURGUENIEV     ,1,2023-09-10
A0605,IVÁN,TURGUENIEV      ,1,2023-09-10
A0606,IVAR,DA COLL     ,1,2023-09-10
A0607,J.,BANK-JENSEN      ,1,2023-09-10
A0608,J.,D. SALINGER     ,1,2023-09-10
A0609,J.,M. JAIME FERNANDEZ MARTÍNEZ   ,1,2023-09-10
A0610,J.,SANTAMARÍA- C.MACÍAS Y Y.FREILE (COORDINADORES)  ,1,2023-09-10
A0611,J.K.ROWLING,.,1,2023-09-10
A0612,J.M.SERVÍN,.,1,2023-09-10
A0613,JACK,CHALLONER      ,1,2023-09-10
A0614,JACK,LONDON      ,1,2023-09-10
A0615,JACKIE,GAFF      ,1,2023-09-10
A0616,JACOB,Y WILHELM GRIMM    ,1,2023-09-10
A0617,JACQUES,COUSTEAU      ,1,2023-09-10
A0618,JACQUES,DERRIDA- ÉLISABETH ROUDINESCO    ,1,2023-09-10
A0619,JAIME,ALFONSO SANDOVAL     ,1,2023-09-10
A0620,JAIME,GARCÍA TERRÉS     ,1,2023-09-10
A0621,JAIME,LABASTIDA      ,1,2023-09-10
A0622,JAIME,MESA      ,1,2023-09-10
A0623,JAIME,SABINES      ,1,2023-09-10
A0624,JALALUDIN,RUMI      ,1,2023-09-10
A0625,JAMES,OLES      ,1,2023-09-10
A0626,JAN,DE KINDER     ,1,2023-09-10
A0627,JANE,AUSTEN      ,1,2023-09-10
A0628,JANO,MENDOZA Y JUAN GEDOVIUS   ,1,2023-09-10
A0629,JAROSLAV,SEIFERT      ,1,2023-09-10
A0630,JAVIER,GARCIA DIEGO     ,1,2023-09-10
A0631,JAVIER,GARCÍA-GALIANO      ,1,2023-09-10
A0632,JAVIER,MALPICA Y GIMENA GARZA   ,1,2023-09-10
A0633,JAVIER,SÁEZ CASTÁN     ,1,2023-09-10
A0634,JAVIER,SIERRA      ,1,2023-09-10
A0635,JEAN,BAUDRILLARD- JEAN NOUVEL    ,1,2023-09-10
A0636,JEAN,PIAGET      ,1,2023-09-10
A0637,JEAN,PIERRE NÉROU     ,1,2023-09-10
A0638,JEAN,ROUAUD      ,1,2023-09-10
A0639,JEAN-JACQUES,ROUSSEAU      ,1,2023-09-10
A0640,JEAN-MARC,JANCOVICI      ,1,2023-09-10
A0641,JEAN-PIERRE,VERNANT      ,1,2023-09-10
A0642,JENNIFER,CLEMENT      ,1,2023-09-10
A0643,JERZY,ANDRZEJEWSKI      ,1,2023-09-10
A0644,JESSICA,KEYES      ,1,2023-09-10
A0645,JESÚS,BALLAZ      ,1,2023-09-10
A0646,JESÚS,CAMACHO MORELOS     ,1,2023-09-10
A0647,JESÚS,CASTAÑÓN Y ALBERTO MORALES JIMÉNEZ  ,1,2023-09-10
A0648,JESUS,DE MARCELO RODAO    ,1,2023-09-10
A0649,JESÚS,GALINDO Y VILLA    ,1,2023-09-10
A0650,JESÚS,LOPEZ      ,1,2023-09-10
A0651,JESUS,PALACIOS (COMPILADOR)     ,1,2023-09-10
A0652,JESÚS,ROJAS MUÑOZ     ,1,2023-09-10
A0653,JESÚS,ROMERO FLORES     ,1,2023-09-10
A0654,JESÚS,SALINAS PEDRAZA     ,1,2023-09-10
A0655,JIHAD,DARWICHE Y CHRISTIAN VOLTZ   ,1,2023-09-10
A0656,JILL,HARTLEY      ,1,2023-09-10
A0657,JIMENA,MARTIGNONI- ROBERTO SEGRE    ,1,2023-09-10
A0658,JIMMY,LIAO      ,1,2023-09-10
A0659,JO,SEUNG HYEON     ,1,2023-09-10
A0660,JOAN,FONTCUBERTA      ,1,2023-09-10
A0661,JOAQUÍN,.,1,2023-09-10
A0662,JOAQUÍN,ORTEGA ARENAS     ,1,2023-09-10
A0663,JOHAN,D. BERLIJN     ,1,2023-09-10
A0664,JOHANNES,NEURATH      ,1,2023-09-10
A0665,JOHN,FARNDON Y ROB BEATTIE   ,1,2023-09-10
A0666,JOHN,GREEN      ,1,2023-09-10
A0667,JOHN,LEVINE- MARGARET LEVIINE YPUNG- CAROL BAROUDI ,1,2023-09-10
A0668,JOHN,STEINBECK      ,1,2023-09-10
A0669,JONATHAN,I. ISABEL     ,1,2023-09-10
A0670,JONATHAN,SWIFT      ,1,2023-09-10
A0671,JORFE,RUÍZ DUEÑAS     ,1,2023-09-10
A0672,JORGE,AYALA BLANCO     ,1,2023-09-10
A0673,JORGE,EDUARDO EIELSON     ,1,2023-09-10
A0674,JORGE,ESQUINCA      ,1,2023-09-10
A0675,JORGE,FERNÁNDEZ GRANADOS     ,1,2023-09-10
A0676,JORGE,FORNET      ,1,2023-09-10
A0677,JORGE,GLUSBERG      ,1,2023-09-10
A0678,JORGE,IBARGÜENGOITIA      ,1,2023-09-10
A0679,JORGE,JAVIER ROMERO     ,1,2023-09-10
A0680,JORGE,JUANES      ,1,2023-09-10
A0681,JORGE,LUIS BORGES     ,1,2023-09-10
A0682,JORGE,LUJÁN Y JAVIER ZABALA   ,1,2023-09-10
A0683,JORGE,LUJÁN Y MANUEL MONROY   ,1,2023-09-10
A0684,JORGE,MÁRQUEZ      ,1,2023-09-10
A0685,JORGE,SÁNCHEZ NAVA     ,1,2023-09-10
A0686,JORGE,SÁNCHEZ NAVA     ,1,2023-09-10
A0687,JORGE,VOLPI      ,1,2023-09-10
A0688,JOSÉ,AGUSTÍN      ,1,2023-09-10
A0689,JOSÉ,ALARCÓN HERNÁNDEZ     ,1,2023-09-10
A0690,JOSÉ,ANTONIO CHAMIZO     ,1,2023-09-10
A0691,JOSÉ,ANTONIO CRESPO     ,1,2023-09-10
A0692,JOSÉ,BERNARDO COUTO,1,2023-09-10
A0693,JOSÉ,BERNARDO CUOTO,1,2023-09-10
A0694,JOSÉ,DE LA HERRÁN    ,1,2023-09-10
A0695,JOSÉ,EMILIO PACHECHO     ,1,2023-09-10
A0696,JOSÉ,ENRIQUE RODÓ     ,1,2023-09-10
A0697,JOSÉ,HERNÁNDEZ      ,1,2023-09-10
A0698,JOSE,JOAQUÍN BLANCO     ,1,2023-09-10
A0699,JOSÉ,JOAQUÍN BLANCO Y JORGE OLVERA RAMOS ,1,2023-09-10
A0700,JOSÉ,JOAQUÍN FERNANDEZ DE LIZARDI   ,1,2023-09-10
A0701,JOSÉ,JUAN TABLADA     ,1,2023-09-10
A0702,JOSÉ,KORDEROJIMÉNEZ      ,1,2023-09-10
A0703,JOSÉ,LUIS DÁVILA     ,1,2023-09-10
A0704,JOSÉ,LUIS MACÍAS VÁZQUEZ- LUCÍA CAPRA PEDOL ,1,2023-09-10
A0705,JOSÉ,LUIS RIVAS     ,1,2023-09-10
A0706,JOSÉ,LUIS ROMERO     ,1,2023-09-10
A0707,JOSÉ,LUIS ZÁRATE     ,1,2023-09-10
A0708,JOSÉ,M. ARICÓ     ,1,2023-09-10
A0709,JOSÉ,MANUEL A. CHÁVEZ GÓMEZ   ,1,2023-09-10
A0710,JOSÉ,MANUEL MATEO     ,1,2023-09-10
A0711,JOSE,MANUEL SOBRINO     ,1,2023-09-10
A0712,JOSÉ,MANUEL VALENZUELA Y VANIA SALLES (COORDINADORES) ,1,2023-09-10
A0713,JOSÉ,MARÍA ADOLFO BARBA CHÁVEZ- JAVIER I- ,1,2023-09-10
A0714,JOSE,MARIA GARCIA ESCUDERO    ,1,2023-09-10
A0715,JOSÉ,MARÍA HEREDIA     ,1,2023-09-10
A0716,JOSÉ,MARÍA LUIS MORA    ,1,2023-09-10
A0717,JOSÉ,MARÍA MORELOS Y PAVÓN   ,1,2023-09-10
A0718,JOSÉ,MARÍA PÉREZ GAY    ,1,2023-09-10
A0719,JOSÉ,MARÍA ROA BÁRCENA    ,1,2023-09-10
A0720,JOSÉ,MARIANO LEYVA     ,1,2023-09-10
A0721,JOSÉ,MARTÍ      ,1,2023-09-10
A0722,JOSÉ,MARTÍNEZ SOTOMAYOR     ,1,2023-09-10
A0723,JOSÉ,MONTELONGO      ,1,2023-09-10
A0724,JOSÉ,N. ITURRIAGA     ,1,2023-09-10
A0725,JOSÉ,RAMÓN ENRÍQUEZ     ,1,2023-09-10
A0726,JOSÉ,RECEK SAADE     ,1,2023-09-10
A0727,JOSÉ,REVUELTAS      ,1,2023-09-10
A0728,JOSÉ,RUBÉN ROMERO     ,1,2023-09-10
A0729,JOSÉ,SÁNCHEZ CARBÓ     ,1,2023-09-10
A0730,JOSÉ,SANCHIS SINISTERRA     ,1,2023-09-10
A0731,JOSÉ,T. DE CUÉLLAR    ,1,2023-09-10
A0732,JOSÉ,TOMÁS DE CUÉLLAR    ,1,2023-09-10
A0733,JOSÉ,VASCONCELOS      ,1,2023-09-10
A0734,JOSÉ,WOLDENBERG      ,1,2023-09-10
A0735,JOSÉ,ZORRILLA      ,1,2023-09-10
A0736,JOSEFINA,ESTRADA      ,1,2023-09-10
A0737,JOSEFINA,ZORAIDA VÁZQUEZ     ,1,2023-09-10
A0738,JOSEP,CAMBRAS      ,1,2023-09-10
A0739,JOSEP,LLUÍS MATALÍ Y JOSÉ ÁNGEL ALDA ,1,2023-09-10
A0740,JOSEPH,BEUYS      ,1,2023-09-10
A0741,JOSEPH,CAMPHELL      ,1,2023-09-10
A0742,JOSEPH,CONRAD      ,1,2023-09-10
A0743,JOSTEIN,GAARDER      ,1,2023-09-10
A0744,JOVENES,CREADORES      ,1,2023-09-10
A0745,JÓVENES,ESCRITORES LATINOAMERICANOS     ,1,2023-09-10
A0746,JUAN,A. DE LA IGLESIA   ,1,2023-09-10
A0747,JUAN,ABAL MEDINA (H.)    ,1,2023-09-10
A0748,JUAN,ANTONIO MATEOS     ,1,2023-09-10
A0749,JUAN,CARLOS ONETTI     ,1,2023-09-10
A0750,JUAN,CARLOS QUEZADAS     ,1,2023-09-10
A0751,JUAN,DE TORQUEMADA     ,1,2023-09-10
A0752,JUAN,DÍAZ COVARRUBIAS     ,1,2023-09-10
A0753,JUAN,DOMINGO ARGUILLES Y LOURDES DOMÍNGUEZ  ,1,2023-09-10
A0754,JUAN,FRANCISCO EALY ORTIZ (DIRECTOR)   ,1,2023-09-10
A0755,JUAN,GARCÍA PONCE     ,1,2023-09-10
A0756,JUAN,GEDOVIUS      ,1,2023-09-10
A0757,JUAN,GEDOVIUS Y ANTONIO GRANADOS   ,1,2023-09-10
A0758,JUAN,GELMAN      ,1,2023-09-10
A0759,JUAN,JOSÉ ARREOLA     ,1,2023-09-10
A0760,JUAN,JOSÉ BARRIENTOS     ,1,2023-09-10
A0761,JUAN,MANUEL CAMPOS BENÍTEZ    ,1,2023-09-10
A0762,JUAN,MANUEL CORRALES CALVO    ,1,2023-09-10
A0763,JUAN,MIGUEL DE MORA    ,1,2023-09-10
A0764,JUAN,MUÑOZ MARTÍN     ,1,2023-09-10
A0765,JUAN,PABLO H. GÁZQUEZ    ,1,2023-09-10
A0766,JUAN,PALOMINO      ,1,2023-09-10
A0767,JUAN,RUIZ DE ALARCÓN    ,1,2023-09-10
A0768,JUAN,RULFO      ,1,2023-09-10
A0769,JUAN,SALVADOR OROZCO     ,1,2023-09-10
A0770,JUAN,TONDA MAZÓN     ,1,2023-09-10
A0771,JUAN,URQUIAGA(COORDINACIÓN)      ,1,2023-09-10
A0772,JUAN,VILLORO      ,1,2023-09-10
A0773,JUDITH,SOLÍS TÉLLEZ     ,1,2023-09-10
A0774,JUL,Y CHÁRLES PÉPIN    ,1,2023-09-10
A0775,JULIA,DEL CARMEN CHÁVEZ Y MARGARITO PADILLA ,1,2023-09-10
A0776,JULIA,TAGÜEÑA Y MANUEL MARTÍNEZ   ,1,2023-09-10
A0777,JULIETA,FIERRO      ,1,2023-09-10
A0778,JULIETA,RAMOS-ELORDUY      ,1,2023-09-10
A0779,JULIO,CÉSAR SCHARA     ,1,2023-09-10
A0780,JULIO,CORTÁZAR      ,1,2023-09-10
A0781,JULIO,ESTRADA      ,1,2023-09-10
A0782,JULIO,FRENK      ,1,2023-09-10
A0783,JULIO,HUBARD      ,1,2023-09-10
A0784,JULIO,TRUJILLO      ,1,2023-09-10
A0785,JULIO,VERDE      ,1,2023-09-10
A0786,JUSTO,SIERRA O'REILLY     ,1,2023-09-10
A0787,JUTTA,BAUER      ,1,2023-09-10
A0788,K.APPENDINI,M. PEPIN-LEHALLEUR- T-RENDÓN- V. SALLES  ,1,2023-09-10
A0789,KABBALAH,.,1,2023-09-10
A0790,KAREN,HESSE      ,1,2023-09-10
A0791,KATHI,APPELT      ,1,2023-09-10
A0792,KATY,COUPRIE      ,1,2023-09-10
A0793,KAZIMIERZ,BRANDYS      ,1,2023-09-10
A0794,KEITH,THOMPSON      ,1,2023-09-10
A0795,KERI,SMITH      ,1,2023-09-10
A0796,KERVIN,BROOKS      ,1,2023-09-10
A0797,KEVIN,HENKES      ,1,2023-09-10
A0798,KIRÉN,MIRET      ,1,2023-09-10
A0799,KIRSTEN,HALL      ,1,2023-09-10
A0800,L.,RONALD HUBBARD     ,1,2023-09-10
A0801,L.,RONALD HUBBARD     ,1,2023-09-10
A0802,LANE,SMITH      ,1,2023-09-10
A0803,LARI,DON      ,1,2023-09-10
A0804,LAROUSSE,.,1,2023-09-10
A0805,LAURA,FISCHER- JORGE ESPEJO    ,1,2023-09-10
A0806,LAURA,O'DOGHERTY MADRAZO     ,1,2023-09-10
A0807,LAURA,VARELA      ,1,2023-09-10
A0808,LAWRENCE,SHIMEL      ,1,2023-09-10
A0809,LEE,SANG-KWEN      ,1,2023-09-10
A0810,LEHMANN,CHARLES H.     ,1,2023-09-10
A0811,LEÓN,MUÑOZ SANTINI     ,1,2023-09-10
A0812,LEÓN,TOLSTOI      ,1,2023-09-10
A0813,LEONARDO,CURZIO      ,1,2023-09-10
A0814,LEONARDO,VARELA      ,1,2023-09-10
A0815,LEONOR,GARCÍA MILLÉ     ,1,2023-09-10
A0816,LES,TRES OURSES     ,1,2023-09-10
A0817,LETICIA,MORALES BOJALIL     ,1,2023-09-10
A0818,LETICIA,REINA AOYAMA     ,1,2023-09-10
A0819,LETRAS,DE MÉXICO     ,1,2023-09-10
A0820,LEV,N. TOLSTÓI     ,1,2023-09-10
A0821,LEV,S. VIGOTSKY     ,1,2023-09-10
A0822,LEV,TOLSTÓI      ,1,2023-09-10
A0823,LEWIS,CARROLL      ,1,2023-09-10
A0824,LICINA,JIMENEZ      ,1,2023-09-10
A0825,LIDIA,E. GÓMEZ GARCÍA    ,1,2023-09-10
A0826,LIESBET,SLEGERS      ,1,2023-09-10
A0827,LILIANA,SANTIRSO Y PATRICIO GÓMEZ   ,1,2023-09-10
A0828,LILY,KASSNER      ,1,2023-09-10
A0829,LIN,DURÁN      ,1,2023-09-10
A0830,LINDA,B. HALL     ,1,2023-09-10
A0831,LISA,OWEN      ,1,2023-09-10
A0832,LIZ,FLANAGAN      ,1,2023-09-10
A0833,LOBSANG,RAMPA      ,1,2023-09-10
A0834,LOIS,LOWRY      ,1,2023-09-10
A0835,LOPE,DE VEGA     ,1,2023-09-10
A0836,LORENA,GUTIÉRREZ SCHOTT     ,1,2023-09-10
A0837,LORENZO,FÉRNANDEZ BUENO Y MARIANO FÉRNANDEZ URRESTI ,1,2023-09-10
A0838,LOUISE,NOELLE      ,1,2023-09-10
A0839,LOURDERS,AGUILAR SALAS     ,1,2023-09-10
A0840,LOURDES,ANDRADE      ,1,2023-09-10
A0841,LOURDES,ARIZPE (COORDINADORA)     ,1,2023-09-10
A0842,LOURDES,FERNÁNDEZ- JOSÉ MANUEL RODRIGUEZ   ,1,2023-09-10
A0843,LOURDES,PÉREZ DE OVANDO    ,1,2023-09-10
A0844,LU,HSUN      ,1,2023-09-10
A0845,LUCAS,ALAMÁN      ,1,2023-09-10
A0846,LUC-FRANCOIS,GRANIER      ,1,2023-09-10
A0847,LUCRECIA,INFANTE VARGAS- ADRIANA MAZA- MARTHA SANTILLÁN ,1,2023-09-10
A0848,LUCY,Y STEPHEN HAWKING    ,1,2023-09-10
A0849,LUDWIG,VAN BEETHOVEN     ,1,2023-09-10
A0850,LUIGI,BUTERA      ,1,2023-09-10
A0851,LUIS,ARTURO RAMOS     ,1,2023-09-10
A0852,LUIS,BRAILLE      ,1,2023-09-10
A0853,LUIS,DE LA BARREDA SOLÓRZANO   ,1,2023-09-10
A0854,LUIS,DE LA PEÑA    ,1,2023-09-10
A0855,LUIS,ENRIQUE CASTELLANOS     ,1,2023-09-10
A0856,LUIS,FELIPE LOMELÍ     ,1,2023-09-10
A0857,LUIS,GONZÁLEZ DE ALBA    ,1,2023-09-10
A0858,LUIS,GONZÁLEZ OBREGÓN     ,1,2023-09-10
A0859,LUIS,IGNACIO FUNES     ,1,2023-09-10
A0860,LUIS,IGNACIO HELGUERA     ,1,2023-09-10
A0861,LUIS,IGNACIO SÁINZ     ,1,2023-09-10
A0862,LUIS,JAVIER PLATA ROSAS    ,1,2023-09-10
A0863,LUIS,LESUR (COORDINADOR)     ,1,2023-09-10
A0864,LUIS,MALDONADO VENEGAS     ,1,2023-09-10
A0865,LUIS,MANUEL SERRANO     ,1,2023-09-10
A0866,LUIS,MIGUEL AGUILAR     ,1,2023-09-10
A0867,LUIS,ORTIZ MACEDO     ,1,2023-09-10
A0868,LUIS,SEPÚLVEDA      ,1,2023-09-10
A0869,LUIS,SPOTA      ,1,2023-09-10
A0870,LUIS,VAZQUEZ Y RYÛNOSUKE AKUTAGAWA   ,1,2023-09-10
A0871,LUISA,JOSEFINA HERNÁNDEZ     ,1,2023-09-10
A0872,LUIZ,RUFFATO Y FLOR CAPELLA   ,1,2023-09-10
A0873,LUZ,MARÍA CHAPELA     ,1,2023-09-10
A0874,LUZ,MARÍA SEPÚLVEDA (COORDINADORA)    ,1,2023-09-10
A0875,M.,J. MORAN Y H. N. SHAPIRO ,1,2023-09-10
A0876,M.E.MEDINA-MORA,(COORDINADORA)      ,1,2023-09-10
A0877,M.I.,MONROY (COORDINADORA)     ,1,2023-09-10
A0878,MA.,DEL ROSARIO- GUZMÁN MAURICIO   ,1,2023-09-10
A0879,MA.,MERCED RODRÍGUEZ PÉREZ    ,1,2023-09-10
A0880,MADRID,.,1,2023-09-10
A0881,MAGDA,RODRPIGUEZ      ,1,2023-09-10
A0882,MAÍA,F. MIRET Y ARTURO VALLEJO  ,1,2023-09-10
A0883,MAITE,CARRANZA      ,1,2023-09-10
A0884,MAITE,LARRAURI      ,1,2023-09-10
A0885,MAKIKO,NISHIZAWA Y NARUAKI ONISHI   ,1,2023-09-10
A0886,MANUEL,ADRIÁN CARRILLO ESTÉVEZ (COORDINADOR)   ,1,2023-09-10
A0887,MANUEL,AHUMADA      ,1,2023-09-10
A0888,MANUEL,ALVAREZ BRAVO     ,1,2023-09-10
A0889,MANUEL,GÓMEZ GÓMEZ     ,1,2023-09-10
A0890,MANUEL,GÓMEZ MORIN     ,1,2023-09-10
A0891,MANUEL,GUTIÉRREZ NÁJERA     ,1,2023-09-10
A0892,MANUEL,LARROSA IRIGOYEN     ,1,2023-09-10
A0893,MANUEL,MARÍN      ,1,2023-09-10
A0894,MANUEL,PAYNO      ,1,2023-09-10
A0895,MANUEL,RUIZ ROMERO     ,1,2023-09-10
A0896,MANUEL,SÁNCHEZ MÁRMOL     ,1,2023-09-10
A0897,MANUEL,SÁNCHEZ PONTÓN     ,1,2023-09-10
A0898,MANUEL,ULACIA      ,1,2023-09-10
A0899,MARCEL,DETIENNE      ,1,2023-09-10
A0900,MARCOS,BICIO Y JAIME GUTIÉRREZ   ,1,2023-09-10
A0901,MAREN,GOTTSCHALK      ,1,2023-09-10
A0902,MARGARET,MACMILLAN      ,1,2023-09-10
A0903,MARGARITA,DE ORELLANA     ,1,2023-09-10
A0904,MARGARITA,GÓMEZ PALACIO Y MA. BEATRIZ VILLAREAL ,1,2023-09-10
A0905,MARGARITA,PEÑA      ,1,2023-09-10
A0906,MARGO,GLANTZ      ,1,2023-09-10
A0907,MARGUERITE,YOURCENAR      ,1,2023-09-10
A0908,MARÍA,ALEJANDRA DOMÍNGUEZ     ,1,2023-09-10
A0909,MARÍA,AMPARO CASAR     ,1,2023-09-10
A0910,MARÍA,BARANDA      ,1,2023-09-10
A0911,MARÍA,BARANDA E ISIDRO R. ESQUIVEL  ,1,2023-09-10
A0912,MARÍA,BARANDA Y CARLA BESORA   ,1,2023-09-10
A0913,MARÍA,BARANDA Y ELIZABETH BUILES   ,1,2023-09-10
A0914,MARÍA,CONCEPCIÓN IMELDA HERNÁNDEZ ROSSAIS   ,1,2023-09-10
A0915,MARÍA,DEL CARMEN ELIZUNDIA PONCE   ,1,2023-09-10
A0916,MARÍA,DEL CARMEN NAVA POLINA   ,1,2023-09-10
A0917,MARÍA,DEL CONSUELO MAQUÍVAR    ,1,2023-09-10
A0918,MARÍA,DEL ROCIO     ,1,2023-09-10
A0919,MARÍA,ELENA STEFANÓN LÓPEZ    ,1,2023-09-10
A0920,MARÍA,EMILIA LÓPEZ     ,1,2023-09-10
A0921,MARÍA,FERNANDA CANAL(DIRECCIÓN)     ,1,2023-09-10
A0922,MARIA,GIRÓN      ,1,2023-09-10
A0923,MARIA,GOLOBOFF      ,1,2023-09-10
A0924,MARÍA,JOSÉ FERRADA     ,1,2023-09-10
A0925,MARÍA,JOSEFINA PRIETO     ,1,2023-09-10
A0926,MARÍA,LUISA MENDOZA     ,1,2023-09-10
A0927,MARÍA,LUISA PUGA     ,1,2023-09-10
A0928,MARIA,PÉREZ DE SARMIENTO- FRANCO SAVARINO ROGGERO ,1,2023-09-10
A0929,MARIA,PUNCEL      ,1,2023-09-10
A0930,MARÍA,TERESA FAVELA FIERRO    ,1,2023-09-10
A0931,MARÍA,YOLANDA ARGUELLO     ,1,2023-09-10
A0932,MARIANA,ADRIANA HERRERA VÁZQUEZ    ,1,2023-09-10
A0933,MARIANA,OSORIO Y DIEGO ÁLVAREZ   ,1,2023-09-10
A0934,MARIANNE,M. JENNINGS     ,1,2023-09-10
A0935,MARIANO,AZUELA      ,1,2023-09-10
A0936,MARICARMEN,MENDOZA Y SLAVKA KOLESAR   ,1,2023-09-10
A0937,MARICELA,GONZÁLEZ CRUZ     ,1,2023-09-10
A0938,MARIE,DORLÉANS      ,1,2023-09-10
A0939,MARIJE,TOLMAN Y RONALD TOLMAN   ,1,2023-09-10
A0940,MARIO,ALBERTO MEJÍA     ,1,2023-09-10
A0941,MARIO,BOJÓRQUEZ      ,1,2023-09-10
A0942,MARIO,GONZÁLEZ SUÁREZ     ,1,2023-09-10
A0943,MARIO,MARTELL CONTRERAS     ,1,2023-09-10
A0944,MARIO,RODRÍGUEZ LÓPEZ     ,1,2023-09-10
A0945,MARIO,VARGAS LLOSA     ,1,2023-09-10
A0946,MARIO,VIVEROS      ,1,2023-09-10
A0947,MARITERE,MARTÍNEZ FERNÁNDEZ     ,1,2023-09-10
A0948,MARK,FROST      ,1,2023-09-10
A0949,MARK,TWAIN      ,1,2023-09-10
A0950,MARK,TWAIN. EDGAR ALLAN POE. JACK LONDON ,1,2023-09-10
A0951,MARTA,ALCOCER      ,1,2023-09-10
A0952,MARTA,OCHMAN      ,1,2023-09-10
A0953,MARTHA,ALICIA CHÁVEZ     ,1,2023-09-10
A0954,MARTHA,POBLETT MIRANDA     ,1,2023-09-10
A0955,MARTHA,REYNOSO      ,1,2023-09-10
A0956,MARTHA,RIVA PALACIO OBÓN    ,1,2023-09-10
A0957,MARTÍN,ALMÁDEZ      ,1,2023-09-10
A0958,MARTIN,CORONA ALARCÓN- DAVID NIETO   ,1,2023-09-10
A0959,MARTÍN,FERNÁNDEZ DE LARA Y CARMEN HINOJOSA ,1,2023-09-10
A0960,MARTÍN,LUIZ GUZMAN     ,1,2023-09-10
A0961,MARTÍN,SOLARES      ,1,2023-09-10
A0962,MARTIN,WADDELL Y PATRICK BENSON   ,1,2023-09-10
A0963,MARUXA,VILALTA      ,1,2023-09-10
A0964,MARY,FINCH      ,1,2023-09-10
A0965,MARY,HOFFMAN      ,1,2023-09-10
A0966,MATUS,.,1,2023-09-10
A0967,MAUREEN,SAWA      ,1,2023-09-10
A0968,MAURICE,DE MONTMOLLIN     ,1,2023-09-10
A0969,MAURICE,EYSSAUTIER      ,1,2023-09-10
A0970,MAURICIO,BEUCHOT      ,1,2023-09-10
A0971,MAURICIO,MOLINA      ,1,2023-09-10
A0972,MAURICIO,MONTIEL FIGUEIRAS     ,1,2023-09-10
A0973,MAURICIO,ORTIZ      ,1,2023-09-10
A0974,MAX,AUB      ,1,2023-09-10
A0975,MAX,ROJAS      ,1,2023-09-10
A0976,MAYRA,GUTIERREZ      ,1,2023-09-10
A0977,MÉLANIE,WATT      ,1,2023-09-10
A0978,MENENA,COTTIN      ,1,2023-09-10
A0979,MERCEDES,CALVO      ,1,2023-09-10
A0980,MÉXICO,.,1,2023-09-10
A0981,MÉXICO,INTERACTIVO      ,1,2023-09-10
A0982,MICHAEL,DESTOUZOS      ,1,2023-09-10
A0983,MICHAËL,ESCOFFIER      ,1,2023-09-10
A0984,MICHAEL,FOUCAULT      ,1,2023-09-10
A0985,MICHAEL,P. STEINBERG     ,1,2023-09-10
A0986,MICHAEL,RUBBO      ,1,2023-09-10
A0987,MICHELLE,PERROT      ,1,2023-09-10
A0988,MIGUEL,ANGEL ASTURIAS     ,1,2023-09-10
A0989,MIGUEL,ÁNGEL RIVERA ÁVILA    ,1,2023-09-10
A0990,MIGUEL,DE CERVANTES     ,1,2023-09-10
A0991,MIGUEL,PASTRANA      ,1,2023-09-10
A0992,MIGUEL,ZORITA BAYÓN     ,1,2023-09-10
A0993,MINERVA,APONTE - JOLLY    ,1,2023-09-10
A0994,MIQUEL,ADRIÀ (DIRECTOR)     ,1,2023-09-10
A0995,MIRABEAU,.,1,2023-09-10
A0996,MIREYA,CUETO      ,1,2023-09-10
A0997,MIRIAM,MABEL MARTÍNEZ     ,1,2023-09-10
A0998,MIRIAM,MOSS      ,1,2023-09-10
A0999,MITCHELL,BEAZLEY      ,1,2023-09-10
A1000,MOISÉS,GONZÁLEZ NAVARRO     ,1,2023-09-10
A1001,MÓNICA,DÍAZ DE RIVERA    ,1,2023-09-10
A1002,MONICA,GONZÁLEZ DILLON Y FABRICIO VANDEN BROECK ,1,2023-09-10
A1003,MÓNICA,LAVÍN      ,1,2023-09-10
A1004,MÓNICA,MANSOUR      ,1,2023-09-10
A1005,MOY,VOLCOVICH      ,1,2023-09-10
A1006,MUSEO,DE LA CIUDAD DE MÉXICO  ,1,2023-09-10
A1007,MUSEOS,PUEBLA      ,1,2023-09-10
A1008,MYRTA,SESSAREGO      ,1,2023-09-10
A1009,NADIA,CONTRERAS      ,1,2023-09-10
A1010,NADIA,LÓPEZ GARCÍA     ,1,2023-09-10
A1011,NADIA,UGALDE GOMEZ     ,1,2023-09-10
A1012,NAKAMURA,TAKAJUSA      ,1,2023-09-10
A1013,NANDA,LEONARDINI      ,1,2023-09-10
A1014,NATALIA,GUROVICH (ILUSTRADORA)     ,1,2023-09-10
A1015,NATHALIE,VAN LAETHEM- YVELISE LEBON- BÉATRICE DURAN- ,1,2023-09-10
A1016,NATHAN,KUMAR SCOTT     ,1,2023-09-10
A1017,NEIL,GAIMAN      ,1,2023-09-10
A1018,NEMESIO,BARRAGÓN SOLÍS     ,1,2023-09-10
A1019,NEUS,CASAS      ,1,2023-09-10
A1020,NEWELL,C. KEPHART     ,1,2023-09-10
A1021,NIDIA,MARGARITA ROBLEDA MIGUEL    ,1,2023-09-10
A1022,NOBURO,TAKEUCHI      ,1,2023-09-10
A1023,NOEL,TAIT      ,1,2023-09-10
A1024,NORMA,MUÑOZ LEDO E ISRAEL BARRÓN  ,1,2023-09-10
A1025,NURIA,GÓMEZ BENET     ,1,2023-09-10
A1026,OCTAVIO,PAZ      ,1,2023-09-10
A1027,OMAR,MILLÁN      ,1,2023-09-10
A1028,ORESTES,MAGAÑA      ,1,2023-09-10
A1029,ÓSCAR,LIERA      ,1,2023-09-10
A1030,ÓSCAR,VILLEGAS      ,1,2023-09-10
A1031,OSCAR,WILDE      ,1,2023-09-10
A1032,OSVALDO,GUARIGLIA      ,1,2023-09-10
A1033,OTFRIED,HÖFFE      ,1,2023-09-10
A1034,P.MULAS,(COORDINADOR)      ,1,2023-09-10
A1035,PABLO,DE BALLESTER     ,1,2023-09-10
A1036,PABLO,ESCALANTE GONZALBO     ,1,2023-09-10
A1037,PABLO,ESCALANTE GONZALBO (COORDINADOR)    ,1,2023-09-10
A1038,PABLO,ORTIZ MONASTERIO     ,1,2023-09-10
A1039,PABLO,ROBLES      ,1,2023-09-10
A1040,PABLO,SOLER FROST     ,1,2023-09-10
A1041,PACO,IGNACIO TAIBO II    ,1,2023-09-10
A1042,PALACIO,OBÓN Y MARTHA RIVA   ,1,2023-09-10
A1043,PAOLA,MORÁN      ,1,2023-09-10
A1044,PASCUALA,CORONA      ,1,2023-09-10
A1045,PASCUALA,CORONA Y GABRIEL PACHECO   ,1,2023-09-10
A1046,PATRICIA,FABRE      ,1,2023-09-10
A1047,PATRICIA,MACLACHLAN      ,1,2023-09-10
A1048,PATRICIA,MASSÉ ZENDEJAS     ,1,2023-09-10
A1049,PATRICIA,WRIEDT Y MARGARITA SADA   ,1,2023-09-10
A1050,PATRICIO,EUFRACIO      ,1,2023-09-10
A1051,PAUL,AUSTER      ,1,2023-09-10
A1052,PAUL,BOWLES      ,1,2023-09-10
A1053,PAUL,HEYER      ,1,2023-09-10
A1054,PAUL,JENNINGS      ,1,2023-09-10
A1055,PAUL,MAAR      ,1,2023-09-10
A1056,PAUL,RICOEUR      ,1,2023-09-10
A1057,PAUL,RONALD      ,1,2023-09-10
A1058,PAULA,CARBALLEIRA Y CAROLE HÉNADD   ,1,2023-09-10
A1059,PAULA,MUES ORTS     ,1,2023-09-10
A1060,PAULO,COELHO      ,1,2023-09-10
A1061,PEDRO,ÁNGEL PALOU     ,1,2023-09-10
A1062,PEDRO,GARCÍA DE LEÓN    ,1,2023-09-10
A1063,PEDRO,MAURO RAMOS VÁZQUEZ    ,1,2023-09-10
A1064,PEPE,VALLE      ,1,2023-09-10
A1065,PETER,BROWN      ,1,2023-09-10
A1066,PETER,SÍS      ,1,2023-09-10
A1067,PHILIP,KOTLER      ,1,2023-09-10
A1068,PHILIPPE,ARIÈS      ,1,2023-09-10
A1069,PHILIPPE,BRASSEUR      ,1,2023-09-10
A1070,PIERRE,BAILLY Y CÉLINE FRAIPORT   ,1,2023-09-10
A1071,PIERRE,BOURDIEU      ,1,2023-09-10
A1072,PIERRE,PERRAULT      ,1,2023-09-10
A1073,PIETRO,MANCINI DI MECO    ,1,2023-09-10
A1074,PILAR,OBÓN      ,1,2023-09-10
A1075,PILAR,CAMPESINO      ,1,2023-09-10
A1076,PILAR,OBÓN      ,1,2023-09-10
A1077,PLALINE,GAY-PARA Y HÈLENE MICOU   ,1,2023-09-10
A1078,PLATON,.,1,2023-09-10
A1079,PLATÓN,.,1,2023-09-10
A1080,PRESIDENCIA,DE LA REPUBLICA    ,1,2023-09-10
A1081,PROGRAMA,EDUCATIVO VISUAL     ,1,2023-09-10
A1082,PURA,AZORÍN      ,1,2023-09-10
A1083,QUEVEDO,SWIFT- SADE CHAMFORT    ,1,2023-09-10
A1084,R.,DELEGADO (COORDINADOR)     ,1,2023-09-10
A1085,RACHEL,CHAUNDLER Y BERNARDO CARVALHO   ,1,2023-09-10
A1086,RAFAEL,ALBERTI E ISIDRO FERRER   ,1,2023-09-10
A1087,RAFAEL,BERNAL      ,1,2023-09-10
A1088,RAFAEL,DELGADO      ,1,2023-09-10
A1089,RAFAEL,F. MUÑOZ     ,1,2023-09-10
A1090,RAFAEL,LOYOLA DÍAZ- TOMÁS CALVINO UNNNA- ABDELCHANI ,1,2023-09-10
A1091,RAFAEL,LOZANO HEMMER     ,1,2023-09-10
A1092,RAFAEL,PÉREZ GAY     ,1,2023-09-10
A1093,RAFAEL,RAMÍREZ HEREDIA     ,1,2023-09-10
A1094,RAFAEL,SOLANA      ,1,2023-09-10
A1095,RAFAEL,TENA      ,1,2023-09-10
A1096,RAFAEL,TOVAR (PRESIDENTE)     ,1,2023-09-10
A1097,RAMÓN,DE MESONERO ROMANOS    ,1,2023-09-10
A1098,RAMÓN,GARCÍA-PELAYO Y GROSS    ,1,2023-09-10
A1099,RAMÓN,LÓPEZ VELARDE     ,1,2023-09-10
A1100,RAMÓN,PERALTA      ,1,2023-09-10
A1101,RAPI,DIEGO      ,1,2023-09-10
A1102,RAQUEL,CANÉ      ,1,2023-09-10
A1103,RAQUEL,HOYOS GUZMÁN     ,1,2023-09-10
A1104,RAQUEL,HUERTA NAVA     ,1,2023-09-10
A1105,RAQUEL,LÓPEZ VALERA (DIRECCIÓN)    ,1,2023-09-10
A1106,RAQUEL,OLVERA      ,1,2023-09-10
A1107,RAÚL,DORRA      ,1,2023-09-10
A1108,RAÚL,ROJAS SORIANO     ,1,2023-09-10
A1109,RAÚL,ROMERO      ,1,2023-09-10
A1110,RAY,BRADBURY      ,1,2023-09-10
A1111,REAL,ACADEMIA ESPAÑOLA     ,1,2023-09-10
A1112,REBECA,CERDA GONZÁLEZ     ,1,2023-09-10
A1113,REBECA,OROZCO      ,1,2023-09-10
A1114,REBECA,OROZCO Y LUCHO RODRÍGUEZ   ,1,2023-09-10
A1115,REBECA,OROZCO Y LUIS LESTÓN   ,1,2023-09-10
A1116,REGINA,MARTÍNEZ VERA     ,1,2023-09-10
A1117,REMBRANDT,.,1,2023-09-10
A1118,RENATO,LEDUC      ,1,2023-09-10
A1119,RENÉ,GOSCINNY      ,1,2023-09-10
A1120,REYMUNDO,AGUILERA      ,1,2023-09-10
A1121,RHÉA,DUFRESNE      ,1,2023-09-10
A1122,RICARDO,CARTAS      ,1,2023-09-10
A1123,RICARDO,CASTILLO      ,1,2023-09-10
A1124,RICARDO,CHAVEZ CASTAÑEDA     ,1,2023-09-10
A1125,RICARDO,CHÁVEZ CASTAÑEDA     ,1,2023-09-10
A1126,RICARDO,MIRANDA      ,1,2023-09-10
A1127,RICARDO,MIRANDA Y AURELIO TELLO (COORDINADORES)  ,1,2023-09-10
A1128,RICARDO,PÉREZ QUITT     ,1,2023-09-10
A1129,RICARDO,PÉREZ QUITT (COMPILADOR)    ,1,2023-09-10
A1130,RICARDO,POZAS HORCASITAS     ,1,2023-09-10
A1131,RICARDO,RAPHAEL      ,1,2023-09-10
A1132,RICARDO,SOLÍS      ,1,2023-09-10
A1133,RICHAR,BACH      ,1,2023-09-10
A1134,RICHARD,C. DORF Y ROBERT H. BISHOP ,1,2023-09-10
A1135,RITO,MIJAREZ CASTRO     ,1,2023-09-10
A1136,ROALD,DAHL      ,1,2023-09-10
A1137,ROBERT,GRAVES      ,1,2023-09-10
A1138,ROBERT,L. NORTON     ,1,2023-09-10
A1139,ROBERT,L. PARKER     ,1,2023-09-10
A1140,ROBERT,LEESON      ,1,2023-09-10
A1141,ROBERT,LOUIS STEVENSON     ,1,2023-09-10
A1142,ROBERT,MUCHEMBLED      ,1,2023-09-10
A1143,ROBERTO,ARLT      ,1,2023-09-10
A1144,ROBERTO,GARCÍA BONILLA     ,1,2023-09-10
A1145,ROBERTO,GARCÍA MOLL Y RAFAEL CABOS  ,1,2023-09-10
A1146,ROBERTO,J. BLANCARTE     ,1,2023-09-10
A1147,ROBERTO,ROJO      ,1,2023-09-10
A1148,ROCÍO,BONILLAS      ,1,2023-09-10
A1149,RODOLFO,J.M (ANTOLOGADOR)     ,1,2023-09-10
A1150,RODOLFO,STAVENHAGEN      ,1,2023-09-10
A1151,RODOLFO,USIGLI      ,1,2023-09-10
A1152,RODRIGO,FOLGUEIRA      ,1,2023-09-10
A1153,RODRIGO,MIER      ,1,2023-09-10
A1154,RODRIGO,WITKER      ,1,2023-09-10
A1155,ROGELIO,OLIVER H.     ,1,2023-09-10
A1156,ROGER,BARTRA      ,1,2023-09-10
A1157,ROGER,GARAUDY      ,1,2023-09-10
A1158,ROGER,LANCELYN GREEN     ,1,2023-09-10
A1159,ROLAND,E. LARSON- ROBERT P. HOSTETLER  ,1,2023-09-10
A1160,ROSA,CHAVEZ      ,1,2023-09-10
A1161,ROSANELA,ÁLVAREZ      ,1,2023-09-10
A1162,ROSARIO,CASTELLANOS      ,1,2023-09-10
A1163,ROSARIO,GARCÍA BARRERA     ,1,2023-09-10
A1164,ROSARIO,GREEN      ,1,2023-09-10
A1165,ROSAURA,POZOS      ,1,2023-09-10
A1166,RUBÉN,PELLEJERO Y DENIS LAPIÉRE   ,1,2023-09-10
A1167,RUBÉN,R. GARCÍA CLARCK    ,1,2023-09-10
A1168,RUDYARD,KIPLING      ,1,2023-09-10
A1169,RUENTIN,BLAKE      ,1,2023-09-10
A1170,RUTH,M. ROJAS     ,1,2023-09-10
A1171,RUY,PÉREZ TAMAYO (COORDINADOR)    ,1,2023-09-10
A1172,S.LOAEZA,Y A. MAYER (COORDINADORA)   ,1,2023-09-10
A1173,SAKI,.,1,2023-09-10
A1174,SALVADOR,BADUI DERGAL     ,1,2023-09-10
A1175,SALVADOR,DÍAZ MIRÓN     ,1,2023-09-10
A1176,SALVADOR,ELIZONDO      ,1,2023-09-10
A1177,SALVADOR,PINONCELLY      ,1,2023-09-10
A1178,SALVAT,.,1,2023-09-10
A1179,SAMUEL,ESPINOSA MÓMOX     ,1,2023-09-10
A1180,SANDALIO,MEJÍA CASTELÁN     ,1,2023-09-10
A1181,SANDRA,SERRANO      ,1,2023-09-10
A1182,SARAH,CORONA T MARTHA AVILÉS   ,1,2023-09-10
A1183,SARI,BERMÚDEZ (PRESIDENTA)     ,1,2023-09-10
A1184,SATOSHI,KITAMURA      ,1,2023-09-10
A1185,SAVIOUR,PIROTTA      ,1,2023-09-10
A1186,SECCIONES,DE READER'S DIGEST    ,1,2023-09-10
A1187,SECRETARIA,DE CULTURA     ,1,2023-09-10
A1188,SECRETARÍA,DE CULTURA     ,1,2023-09-10
A1189,SECRETARIA,DE DESARROLLO SOCIAL    ,1,2023-09-10
A1190,SECRETARÍA,DE EDUCACIÓN PÚBLICA    ,1,2023-09-10
A1191,SECRETARIA,DE RELACIONES EXTERIORES    ,1,2023-09-10
A1192,SECRETARIA,DE SALUD     ,1,2023-09-10
A1193,SECRETARÍA,DE TURISMO     ,1,2023-09-10
A1194,SERGE,I. ZAÏTZEFF     ,1,2023-09-10
A1195,SERGIO,AGUAYO QUEZADA     ,1,2023-09-10
A1196,SERGIO,FERNÁNDEZ      ,1,2023-09-10
A1197,SERGIO,FUENTES GUTIÉRREZ     ,1,2023-09-10
A1198,SERGIO,PITOL Y RODOLFO MENDOZA   ,1,2023-09-10
A1199,SERGIO,RAMÍREZ      ,1,2023-09-10
A1200,SERGIO,RICOSSO      ,1,2023-09-10
A1201,SERVANDO,TERESA DE MIER    ,1,2023-09-10
A1202,SILVANA,D'ANGELO Y ANTONIO MARINONI   ,1,2023-09-10
A1203,SILVIA,EUGENIA CASTILLERO     ,1,2023-09-10
A1204,SILVIA,MARIANA ARROM     ,1,2023-09-10
A1205,SILVIA,MOLINA      ,1,2023-09-10
A1206,SILVIA,MOLINA Y QUETZAL LEÓN   ,1,2023-09-10
A1207,SILVIA,SEGOVIA RAMÍREZ     ,1,2023-09-10
A1208,SIMON,MARGINSON      ,1,2023-09-10
A1209,SOPHIA,DE MELLO BREYNE ANDRESEN   ,1,2023-09-10
A1210,SOR,JUANA INÉS DE LA CRUZ:  ,1,2023-09-10
A1211,SPENCER,JOHNSON- M. D.    ,1,2023-09-10
A1212,ST.,MAWR      ,1,2023-09-10
A1213,STÉFHANE,POULIN      ,1,2023-09-10
A1214,STÉPHANE,SERVANT E IRÉNE BONACINA   ,1,2023-09-10
A1215,STEPHEN,KING      ,1,2023-09-10
A1216,STEPHEN,W. HAWKING     ,1,2023-09-10
A1217,STEVE,JENKINS      ,1,2023-09-10
A1218,SUN,TZU      ,1,2023-09-10
A1219,SUPREMA,CORTE DE JUSTICIA DE LA NACIÓN ,1,2023-09-10
A1220,SUSAN,HOWE      ,1,2023-09-10
A1221,SUSANA,SOSENSKI      ,1,2023-09-10
A1222,SUSANA,ZARAGOZA      ,1,2023-09-10
A1223,SVJETLAN,JUNAKOVIC      ,1,2023-09-10
A1224,SYBILLE,DE PURY-TOUMI     ,1,2023-09-10
A1225,SYLVAIN,COISSARD Y ALEXIS LEMOINE   ,1,2023-09-10
A1226,SYLVIA,WALLACE      ,1,2023-09-10
A1227,TABLAS,DE INRA 2007    ,1,2023-09-10
A1228,TANYA,ROBYN BATT     ,1,2023-09-10
A1229,TED,HUGHES      ,1,2023-09-10
A1230,TERE,VALENZUELA      ,1,2023-09-10
A1231,TERESA,BONILLA      ,1,2023-09-10
A1232,TERESA,E. RHODE     ,1,2023-09-10
A1233,TERESA,NOVOA      ,1,2023-09-10
A1234,TERESA,POTTER      ,1,2023-09-10
A1235,TETSUO,KITORA      ,1,2023-09-10
A1236,THELMA,NAVA      ,1,2023-09-10
A1237,THEODOR,W. ADORNO- THOMAS MANN   ,1,2023-09-10
A1238,THÉPHILE,GAUTIER      ,1,2023-09-10
A1239,TIRSO,CLEMANDES      ,1,2023-09-10
A1240,TIRSO,DE MOLINA     ,1,2023-09-10
A1241,TITA,VALENCIA      ,1,2023-09-10
A1242,TOMÁS,GARCÍA CEREZO (DIRECCIÓN)    ,1,2023-09-10
A1243,TONY,MITTON Y ANT PARKER   ,1,2023-09-10
A1244,TOÑO,MALPICA      ,1,2023-09-10
A1245,TOON,TELLEGEN      ,1,2023-09-10
A1246,TRAMUNTANA,.,1,2023-09-10
A1247,TRIBUNAL,ELECTORAL DEL PODER JUDICIAL   ,1,2023-09-10
A1248,TRIUNFO,ARCINIEGAS Y CLAUDIA RUEDA   ,1,2023-09-10
A1249,TRUMAN,CAPOTE      ,1,2023-09-10
A1250,UBALDO,VARGAS MARTÍNEZ     ,1,2023-09-10
A1251,UNAM,.,1,2023-09-10
A1252,VALENTÍN,RINCÓN      ,1,2023-09-10
A1253,VALENTÍN,RINCÓN Y GILDA RINCÓN   ,1,2023-09-10
A1254,VALERIO,MASSINO MANFREDI     ,1,2023-09-10
A1255,VÉRONICA,MURGUÍA Y VÍCTOR GARCÍA   ,1,2023-09-10
A1256,VÉRONIQUE,BABIN      ,1,2023-09-10
A1257,VICENT,VAN GOGH     ,1,2023-09-10
A1258,VICENTE,LEÑERO Y MARICRUZ GALLUT   ,1,2023-09-10
A1259,VICENTE,RIVA PALACIO     ,1,2023-09-10
A1260,VICENTE,ROCAFUERTE      ,1,2023-09-10
A1261,VICENTE,ROJO Y PEDRO ÁNGEL PALOU  ,1,2023-09-10
A1262,VÍCTOR,BACA      ,1,2023-09-10
A1263,VÍCTOR,BECERRIL MONTEKIO     ,1,2023-09-10
A1264,VICTOR,FUENTES      ,1,2023-09-10
A1265,VICTOR,JIMÉNEZ      ,1,2023-09-10
A1266,VICTOR,JOSÉ PALACIOS     ,1,2023-09-10
A1267,VÍCTOR,M. FRANCO PELLOTIER- DANIÈLE DEHOUVE Y ,1,2023-09-10
A1268,VÍCTOR,MANUEL MENDIOLA     ,1,2023-09-10
A1269,VÍCTOR,MONTEJO Y LUIS GARAY   ,1,2023-09-10
A1270,VICTORIANO,SALADO ÁLVAREZ     ,1,2023-09-10
A1271,VIRGINIA,ASPE ARMELLA     ,1,2023-09-10
A1272,VIVIAN,ABENSHUSHAN      ,1,2023-09-10
A1273,VIVIANA,A. ZELIZER     ,1,2023-09-10
A1274,VON,TEMPSKY      ,1,2023-09-10
A1275,W.,SOMERSET MAUGHAM     ,1,2023-09-10
A1276,WALT,DISNEY      ,1,2023-09-10
A1277,WALT,WHITMAN      ,1,2023-09-10
A1278,WILLIAM,GOLDING      ,1,2023-09-10
A1279,WILLIAM,H. PRESCOTT     ,1,2023-09-10
A1280,WILLIAM,SHAKESPEARE      ,1,2023-09-10
A1281,WILLIAM,WILSON      ,1,2023-09-10
A1282,WISLAWA,SZYMBORSKA      ,1,2023-09-10
A1283,WOLFGANG,AMADEUS MOZART     ,1,2023-09-10
A1284,XAVIER,CORTÉS ROCHA     ,1,2023-09-10
A1285,XAVIER,LOZOYA      ,1,2023-09-10
A1286,XAVIER,MOYSSÉN      ,1,2023-09-10
A1287,XIMENA,ESCALANTE      ,1,2023-09-10
A1288,XULIO,GUTIÉRREZ Y NICOLAS FERNANDEZ   ,1,2023-09-10
A1289,YOHANA,GARCÍA      ,1,2023-09-10
A1290,ZYGMUNT,BAUMAN      ,1,2023-09-10
